2026-09-07 01:10:05,935 [ERROR] Validation failed for content/news/2013/01/08_15-37_196339167_1/index.md: Tags must contain 3 to 8 items. Raw response: {'categories': ['Новости'], 'tags': ['муса дунаев']}
2026-09-07 01:10:07,360 [ERROR] Validation failed for content/news/2013/08/20_15-06_196339167_4/index.md: Categories must contain 1 or 2 items. Raw response: {'categories': [], 'tags': []}
2026-09-07 01:10:08,175 [ERROR] Validation failed for content/news/2013/08/20_15-10_196339167_5/index.md: Categories must contain 1 or 2 items. Raw response: {'categories': [], 'tags': []}
2026-09-07 01:10:09,423 [ERROR] Validation failed for content/news/2013/08/20_15-12_196339167_6/index.md: Tags must contain 3 to 8 items. Raw response: {'categories': ['Новости'], 'tags': ['муса дунаев']}
2026-09-07 01:10:10,239 [ERROR] Validation failed for content/news/2014/01/27_11-07_196339167_7/index.md: Categories must contain 1 or 2 items. Raw response: {'categories': [], 'tags': []}
2026-09-07 01:10:11,136 [ERROR] Validation failed for content/news/2014/02/01_10-12_196339167_8/index.md: Categories must contain 1 or 2 items. Raw response: {'categories': [], 'tags': []}
2026-09-07 01:10:12,510 [ERROR] Validation failed for content/news/2014/02/01_10-15_196339167_9/index.md: Tags must contain 3 to 8 items. Raw response: {'categories': ['Новости'], 'tags': ['венеция', 'америка']}
2026-09-07 01:10:14,318 [ERROR] Validation failed for content/news/2014/02/01_10-19_196339167_10/index.md: Tags must contain 3 to 8 items. Raw response: {'categories': ['Образование и обучение'], 'tags': ['думаю проклятое Богом место', 'муса дунаев']}
2026-09-07 01:10:15,914 [ERROR] Validation failed for content/news/2014/02/01_10-38_196339167_11/index.md: Tags must contain 3 to 8 items. Raw response: {'categories': ['Новости'], 'tags': ['рим', 'муса дунаев']}
2026-09-07 01:13:16,104 [ERROR] Validation failed for content/news/2013/08/20_15-10_196339167_5/index.md: 'categories' must contain 1 or 2 items (got 0). Response: {'categories': [], 'tags': []}
2026-09-07 01:13:58,228 [ERROR] Validation failed for content/news/2013/08/20_15-12_196339167_6/index.md: 'tags' must contain 3 to 8 items (got 2). Response: {'categories': ['Новости'], 'tags': ['харчо борз', 'магомед харчо']}
2026-09-07 01:14:22,341 [ERROR] Validation failed for content/news/2014/01/27_11-07_196339167_7/index.md: 'tags' must contain 3 to 8 items (got 0). Response: {'categories': ['Новости'], 'tags': []}
2026-09-07 01:14:51,425 [ERROR] Validation failed for content/news/2014/02/01_10-12_196339167_8/index.md: 'categories' must contain 1 or 2 items (got 0). Response: {'categories': [], 'tags': []}
2026-09-07 01:15:58,263 [ERROR] Validation failed for content/news/2014/02/01_10-19_196339167_10/index.md: 'categories' must contain 1 or 2 items (got 0). Response: {'categories': [], 'tags': ['думаю проклятое богом место', 'харчо борз', 'комментарии']}
2026-09-07 01:20:13,221 [ERROR] Validation failed for content/news/2013/01/08_15-37_196339167_1/index.md: Categories must contain 1 or 2 items. Response: {'categories': [], 'tags': []}
2026-09-07 01:20:14,471 [ERROR] Validation failed for content/news/2013/08/20_15-06_196339167_4/index.md: Categories must contain 1 or 2 items. Response: {'categories': [], 'tags': []}
2026-09-07 01:20:15,286 [ERROR] Validation failed for content/news/2013/08/20_15-12_196339167_6/index.md: Categories must contain 1 or 2 items. Response: {'categories': [], 'tags': []}
2026-09-07 01:20:15,812 [ERROR] Validation failed for content/news/2014/02/01_10-12_196339167_8/index.md: Categories must contain 1 or 2 items. Response: {'categories': [], 'tags': []}
2026-09-07 01:20:17,806 [ERROR] Validation failed for content/news/2014/02/01_10-19_196339167_10/index.md: Tags must contain 3 to 8 items. Response: {'categories': ['Новости'], 'tags': ['харчо борз']}
2026-09-07 01:20:37,132 [ERROR] Validation failed for content/news/2015/04/05_14-24_196339167_35/index.md: Tags must contain 3 to 8 items. Response: {'categories': ['Мероприятия'], 'tags': ['оз. Кезеной-Ам', 'Чечня', 'Кадыро', 'Минмол', 'РСМ', 'Нацсовет', 'Дунаев', 'Базаев', 'Общественнаяпалата', 'Совпроф']}
2026-09-07 01:21:03,736 [ERROR] Validation failed for content/news/2015/04/05_14-26_196339167_42/index.md: Tags must contain 3 to 8 items. Response: {'categories': ['Новости'], 'tags': ['озеро кезеной-ам', 'красота']}
2026-09-07 01:21:10,222 [ERROR] Validation failed for content/news/2015/04/05_14-27_196339167_44/index.md: Tags must contain 3 to 8 items. Response: {'categories': ['Новости'], 'tags': ['мужички']}
2026-09-07 01:21:12,595 [ERROR] Validation failed for content/news/2015/04/05_14-27_196339167_45/index.md: Tags must contain 3 to 8 items. Response: {'categories': ['Образование и обучение'], 'tags': ['завтрак', 'диета']}
2026-09-07 01:21:33,648 [ERROR] Validation failed for content/news/2015/04/05_15-00_196339167_51/index.md: Tags must contain 3 to 8 items. Response: {'categories': ['Патриотическое воспитание'], 'tags': ['горы', 'красивее гор, могут быть только горы']}
2026-09-07 01:21:35,827 [ERROR] Validation failed for content/news/2015/04/05_15-04_196339167_52/index.md: Tags must contain 3 to 8 items. Response: {'categories': ['Интерактивные игры'], 'tags': ['победитель и побежденный']}
2026-09-07 01:21:43,643 [ERROR] Validation failed for content/news/2015/04/05_22-11_196339167_56/index.md: Tags must contain 3 to 8 items. Response: {'categories': ['Объявления'], 'tags': ['только так']}
2026-09-07 01:22:21,238 [ERROR] Validation failed for content/news/2015/04/08_10-50_196339167_70/index.md: Tags must contain 3 to 8 items. Response: {'categories': ['Интерактивные игры'], 'tags': ['кабан']}
2026-09-07 01:22:23,644 [ERROR] Validation failed for content/news/2015/04/08_10-55_196339167_71/index.md: Tags must contain 3 to 8 items. Response: {'categories': ['Мероприятия'], 'tags': ['8 марта']}
2026-09-07 01:22:32,350 [ERROR] Validation failed for content/news/2015/04/10_23-23_196339167_76/index.md: Tags must contain 3 to 8 items. Response: {'categories': ['Новости'], 'tags': ['рыбалка', 'кабан']}
2026-09-07 01:22:34,470 [ERROR] Validation failed for content/news/2015/04/11_18-24_196339167_77/index.md: Tags must contain 3 to 8 items. Response: {'categories': ['Образование и обучение', 'Форумы и съезды'], 'tags': ['вселенские проблемы']}
2026-09-07 01:22:43,239 [ERROR] Validation failed for content/news/2015/04/12_23-57_196339167_83/index.md: Tags must contain 3 to 8 items. Response: {'categories': ['Новости'], 'tags': ['Катар']}
2026-09-07 01:22:49,567 [ERROR] Validation failed for content/news/2015/04/14_21-28_196339167_87/index.md: Tags must contain 3 to 8 items. Response: {'categories': ['Новости'], 'tags': ['общероссийский народный фронт']}
2026-09-07 01:22:57,327 [ERROR] Validation failed for content/news/2015/04/14_22-14_196339167_90/index.md: Tags must contain 3 to 8 items. Response: {'categories': ['Новости'], 'tags': ['министерство экономического развития чр', 'со нко чр']}
2026-09-07 01:23:01,918 [ERROR] Validation failed for content/news/2015/04/15_21-30_196339167_92/index.md: Tags must contain 3 to 8 items. Response: {'categories': ['Мероприятия', 'Новости'], 'tags': ['чечня', 'миннац', 'департамент', 'опчр', 'онф', 'нацсовет', 'рсм', 'муцаев', 'дунаев']}
2026-09-07 01:23:10,802 [ERROR] Validation failed for content/news/2015/04/15_21-40_196339167_94/index.md: Contains generic tag. Response: {'categories': ['Новости', 'Международное сотрудничество'], 'tags': ['министерство по национальной политике', 'внешние связи', 'печать', 'информация', 'чр']}
2026-09-07 01:23:16,018 [ERROR] Validation failed for content/news/2015/04/17_01-27_196339167_95/index.md: Tags must contain 3 to 8 items. Response: {'categories': ['Мероприятия', 'Международное сотрудничество'], 'tags': ['пятигорск', 'международнаяисламскаямиссия', 'нацсовет', 'рсм', 'опчр', 'онф', 'ровппипрвчр', 'байсагуров', 'дунаев']}
2026-09-07 01:23:43,279 [ERROR] Validation failed for content/news/2015/04/17_21-41_196339167_104/index.md: Tags must contain 3 to 8 items. Response: {'categories': ['Новости', 'Международное сотрудничество'], 'tags': ['чечня', 'видучи', 'нацсоветроссии', 'гости', 'экскурсия', 'эксперт', 'страсбург', 'филоретова', 'попова', 'дунаев']}
2026-09-07 01:23:48,152 [ERROR] Validation failed for content/news/2015/04/19_00-10_196339167_105/index.md: Tags must contain 3 to 8 items. Response: {'categories': ['Патриотическое воспитание', 'Мероприятия'], 'tags': ['россия', 'москва', 'кремлевский дворец', 'комсомол', 'юбилей', 'рсм', 'чечня', 'грозный', 'дунаев']}
2026-09-07 01:23:52,962 [ERROR] Validation failed for content/news/2015/04/19_00-12_196339167_106/index.md: Tags must contain 3 to 8 items. Response: {'categories': ['Патриотическое воспитание', 'Международное сотрудничество'], 'tags': ['россия', 'москва', 'кремлевский дворец', 'комсомол', 'рсм', 'юбилей', 'чечня', 'грозный', 'дунаев']}
2026-09-07 01:24:02,118 [ERROR] Validation failed for content/news/2015/04/19_00-26_196339167_109/index.md: Tags must contain 3 to 8 items. Response: {'categories': ['Новости'], 'tags': ['венеция']}
2026-09-07 01:24:07,181 [ERROR] Validation failed for content/news/2015/04/19_00-52_196339167_111/index.md: Tags must contain 3 to 8 items. Response: {'categories': ['Новости'], 'tags': []}
2026-09-07 01:24:09,118 [ERROR] Validation failed for content/news/2015/04/19_00-53_196339167_112/index.md: Tags must contain 3 to 8 items. Response: {'categories': ['Новости'], 'tags': ['из той же серии', 'за красоту']}
2026-09-07 01:24:36,652 [ERROR] Validation failed for content/news/2015/04/21_21-33_196339167_119/index.md: Tags must contain 3 to 8 items. Response: {'categories': ['Новости'], 'tags': ['г. грозный', 'аллея славы', 'россия', 'чечня', 'кадыров', 'мопд', 'охр', 'базаев', 'дунаев']}
2026-09-07 01:24:41,654 [ERROR] Validation failed for content/news/2015/04/21_22-37_196339167_121/index.md: Tags must contain 3 to 8 items. Response: {'categories': ['Патриотическое воспитание', 'Мероприятия'], 'tags': ['россия', 'чечня', 'победа', 'экспедиция', 'мопд', 'ахмат', 'онф', 'аоочр', 'совпроф', 'дунаев']}
2026-09-07 01:24:50,027 [ERROR] Validation failed for content/news/2015/04/22_03-57_196339167_124/index.md: Tags must contain 3 to 8 items. Response: {'categories': ['Мероприятия'], 'tags': ['мероприятия']}
2026-09-07 01:24:58,715 [ERROR] Validation failed for content/news/2015/04/22_21-27_196339167_126/index.md: Tags must contain 3 to 8 items. Response: {'categories': ['Новости'], 'tags': ['чечня', 'грозный', 'правозащитный центр', 'минкаил', 'опчр', 'онф', 'аоочр', 'совпроф', 'роввпипрвчр', 'дунаев']}
2026-09-07 01:25:01,621 [ERROR] Validation failed for content/news/2015/04/22_21-27_196339167_127/index.md: Tags must contain 3 to 8 items. Response: {'categories': ['Новости'], 'tags': ['чечня', 'грозный', 'правозащитный центр', 'минкаил', 'опчр', 'онф', 'аоочр', 'совпроф', 'ровппипрвчр', 'дунаев', 'базаев']}
2026-09-07 01:25:08,088 [ERROR] Validation failed for content/news/2015/04/22_22-46_196339167_129/index.md: Tags must contain 3 to 8 items. Response: {'categories': ['Патриотическое воспитание', 'Мероприятия'], 'tags': ['Во имя Отечества']}
2026-09-07 01:25:14,916 [ERROR] Validation failed for content/news/2015/04/23_04-09_196339167_131/index.md: Tags must contain 3 to 8 items. Response: {'categories': ['Новости'], 'tags': ['аргунский мечеть', 'сердце матери']}
2026-09-07 01:25:26,749 [ERROR] Validation failed for content/news/2015/04/25_21-19_196339167_134/index.md: Tags must contain 3 to 8 items. Response: {'categories': ['Новости', 'Патриотическое воспитание'], 'tags': ['россия', 'чечня', 'онф', 'опчр', 'рсм', 'ровппипрвчр', 'советпрофсоюзов', 'нацсоветчр', 'экспедиция', 'поход', 'победа']}
2026-09-07 01:25:49,043 [ERROR] Validation failed for content/news/2015/04/28_21-56_196339167_140/index.md: Tags must contain 3 to 8 items. Response: {'categories': ['Интерактивные игры'], 'tags': ['свинья погоди']}
2026-09-07 01:26:03,112 [ERROR] Validation failed for content/news/2015/05/01_14-52_196339167_144/index.md: Tags must contain 3 to 8 items. Response: {'categories': ['Патриотическое воспитание'], 'tags': ['дунаев муса', 'бессмертный полк']}
2026-09-07 01:26:15,569 [ERROR] Validation failed for content/news/2015/05/03_20-47_196339167_148/index.md: Tags must contain 3 to 8 items. Response: {'categories': ['Конкурсы'], 'tags': ['InstaFrame']}
2026-09-07 01:27:33,262 [ERROR] Validation failed for content/news/2015/05/11_22-43_196339167_168/index.md: Tags must contain 3 to 8 items. Response: {'categories': ['Новости'], 'tags': ['страсбург', 'казань', 'лилия хуснутдинова', 'нацсовобществорганизацийчр', 'чрорсм', 'онф', 'опчр', 'муса', 'дунаев']}
2026-09-07 01:28:11,628 [ERROR] Validation failed for content/news/2015/05/23_22-19_196339167_179/index.md: Tags must contain 3 to 8 items. Response: {'categories': ['Новости'], 'tags': ['москва', 'российский союз молодежи', 'архив', 'зампред', 'епов', 'чрорс', 'чрорсм', 'председатель', 'дунаев']}
2026-09-07 01:28:45,191 [ERROR] Validation failed for content/news/2015/05/24_22-04_196339167_188/index.md: Tags must contain 3 to 8 items. Response: {'categories': ['Новости'], 'tags': ['китай', 'пекинская утка']}
2026-09-07 01:28:49,987 [ERROR] Validation failed for content/news/2015/05/25_07-43_196339167_190/index.md: Tags must contain 3 to 8 items. Response: {'categories': ['Объявления'], 'tags': ['пекинский трц']}
2026-09-07 01:29:42,193 [ERROR] Validation failed for content/news/2015/05/29_17-36_196339167_207/index.md: Tags must contain 3 to 8 items. Response: {'categories': ['Новости'], 'tags': ['чррсм', 'зампред', 'национальныйсоветобщественныхобъединенийчр', 'рмоосоюзмолодежичр', 'президент', 'мусхаджиев', 'россия', 'франция', 'молодежь']}
2026-09-07 01:29:50,731 [ERROR] Validation failed for content/news/2015/05/29_19-13_196339167_210/index.md: Tags must contain 3 to 8 items. Response: {'categories': ['Новости'], 'tags': []}
2026-09-07 01:29:59,266 [ERROR] Validation failed for content/news/2015/05/29_21-01_196339167_214/index.md: Tags must contain 3 to 8 items. Response: {'categories': ['Патриотическое воспитание'], 'tags': ['США']}
2026-09-07 01:30:10,133 [ERROR] Validation failed for content/news/2015/05/31_01-27_196339167_218/index.md: Tags must contain 3 to 8 items. Response: {'categories': ['Новости'], 'tags': ['архив', 'легендарсм', 'коллега', 'друг', 'профессионал', 'красавица', 'дина соколова', 'чрорсм', 'дунаев']}
2026-09-07 01:30:38,729 [ERROR] Validation failed for content/news/2015/06/01_23-38_196339167_226/index.md: Tags must contain 3 to 8 items. Response: {'categories': ['Новости'], 'tags': ['маленькая разборка']}
2026-09-07 01:31:03,069 [ERROR] Validation failed for content/news/2015/06/04_19-15_196339167_232/index.md: Tags must contain 3 to 8 items. Response: {'categories': ['Новости'], 'tags': ['россия', 'путин', 'чечня', 'кадыров', 'бессмертныйполк', 'координатор', 'дунаев', 'онф', 'опчр', 'рсм']}
2026-09-07 01:31:17,304 [ERROR] Validation failed for content/news/2015/06/07_00-29_196339167_238/index.md: Tags must contain 3 to 8 items. Response: {'categories': ['Новости'], 'tags': ['реал', 'барселона']}
2026-09-07 01:31:21,458 [ERROR] Validation failed for content/news/2015/06/09_14-49_196339167_239/index.md: Tags must contain 3 to 8 items. Response: {'categories': ['Новости'], 'tags': ['и пленум', 'чроо', 'профсоюза', 'работников жизнеобеспечения', 'чечня', 'грозный', 'совпрофчр', 'солтагереев', 'хусейн', 'дунаев', 'муса']}
2026-09-07 01:31:38,522 [ERROR] Validation failed for content/news/2015/06/10_22-23_196339167_246/index.md: Tags must contain 3 to 8 items. Response: {'categories': ['Конкурсы'], 'tags': ['InstaFrame']}
2026-09-07 01:31:39,877 [ERROR] Validation failed for content/news/2015/06/10_22-24_196339167_247/index.md: Tags must contain 3 to 8 items. Response: {'categories': ['Конкурсы'], 'tags': ['InstaFrame']}
2026-09-07 01:31:41,233 [ERROR] Validation failed for content/news/2015/06/10_22-26_196339167_248/index.md: Tags must contain 3 to 8 items. Response: {'categories': ['Конкурсы'], 'tags': ['InstaFrame']}
2026-09-07 01:31:42,590 [ERROR] Validation failed for content/news/2015/06/10_22-36_196339167_249/index.md: Tags must contain 3 to 8 items. Response: {'categories': ['Конкурсы'], 'tags': ['InstaFrame']}
2026-09-07 01:31:43,999 [ERROR] Validation failed for content/news/2015/06/10_22-40_196339167_250/index.md: Tags must contain 3 to 8 items. Response: {'categories': ['Конкурсы'], 'tags': ['InstaFrame']}
2026-09-07 01:32:21,508 [ERROR] Validation failed for content/news/2015/06/12_09-13_196339167_259/index.md: Tags must contain 3 to 8 items. Response: {'categories': ['Международное сотрудничество', 'Новости'], 'tags': ['международная конференция', 'Россия', 'ДеньРождения', 'СоветЕвропы', 'Муцаев', 'Базаев', 'Дунаев', 'ОПЧР', 'ОНФ', 'РСМ']}
2026-09-07 01:32:35,138 [ERROR] Validation failed for content/news/2015/06/12_18-43_196339167_262/index.md: Tags must contain 3 to 8 items. Response: {'categories': ['Патриотическое воспитание', 'Мероприятия'], 'tags': ['россия', 'чечня', 'грозный', 'день россии', 'праздник', 'российский союз молодежи', 'чрорсм', 'дунаев', 'хаджимурадов']}
2026-09-07 01:32:51,442 [ERROR] Validation failed for content/news/2015/06/12_23-49_196339167_267/index.md: Categories must contain 1 or 2 items. Response: {'categories': [], 'tags': []}
2026-09-07 01:32:58,629 [ERROR] Validation failed for content/news/2015/06/13_23-03_196339167_269/index.md: Tags must contain 3 to 8 items. Response: {'categories': ['Патриотическое воспитание', 'Объявления'], 'tags': ['день россии', 'республика', 'единство', 'россия', 'чечня', 'путин', 'кадыров', 'онф', 'опчр', 'российский союз молодежи']}
2026-09-07 01:33:14,176 [ERROR] Validation failed for content/news/2015/06/14_14-14_196339167_275/index.md: Tags must contain 3 to 8 items. Response: {'categories': ['Новости', 'Форумы и съезды'], 'tags': ['россия', 'путин', 'чечня', 'кадыров', 'советевропы', 'общественнаяпалатачр', 'адуев', 'дунаев', 'форум']}
2026-09-07 01:34:04,828 [ERROR] Validation failed for content/news/2015/06/18_00-33_196339167_291/index.md: Tags must contain 3 to 8 items. Response: {'categories': ['Новости'], 'tags': ['харачой', 'абдуррахман', 'селение', 'чечня', 'харачой', 'домпредков', 'бугиан-юрт', 'алды', 'дунаев']}
2026-09-07 01:34:24,052 [ERROR] Validation failed for content/news/2015/06/19_01-10_196339167_301/index.md: Tags must contain 3 to 8 items. Response: {'categories': ['Конкурсы'], 'tags': ['InstaFrame']}
2026-09-07 01:35:12,537 [ERROR] Validation failed for content/news/2015/06/27_00-55_196339167_320/index.md: Tags must contain 3 to 8 items. Response: {'categories': ['Новости'], 'tags': ['архив', 'чечня', 'грозный', 'токшоу', 'чгтрк', 'департамент', 'дадаев', 'хирахматов', 'эльмурзаев', 'дунаев', 'онф', 'национальныйсоветобщественныхобъединенийчр', 'интернациональнаяпартияроссии', 'чрорсм', 'общественнаяпалатачр']}
2026-09-07 01:35:37,852 [ERROR] Validation failed for content/news/2015/06/27_02-39_196339167_326/index.md: Tags must contain 3 to 8 items. Response: {'categories': ['Объявления'], 'tags': ['россия', 'путин', 'чечня', 'кадыров', 'справедливая россия', 'департам', 'хаджимурадов', 'интернациональная партия россии', 'онф', 'национальный совет общественных объединений чр', 'общественная палата чр', 'совпроф чр', 'рсм', 'дунаев']}
2026-09-07 01:37:02,081 [ERROR] Validation failed for content/news/2015/07/06_08-28_196339167_359/index.md: Tags must contain 3 to 8 items. Response: {'categories': ['Патриотическое воспитание'], 'tags': ['подход', 'ресурсы']}
2026-09-07 01:37:15,085 [ERROR] Validation failed for content/news/2015/07/08_14-23_196339167_363/index.md: Tags must contain 3 to 8 items. Response: {'categories': ['Патриотическое воспитание', 'Новости'], 'tags': ['за трудовое отличие', 'рамзан кадыров', 'герой России', 'чечня', 'грозный', 'минтруд', 'ахмадов', 'деларезахуьлдашуна', 'онф', 'совпрофчр', 'общественная палата чр']}
2026-09-07 01:37:25,143 [ERROR] Validation failed for content/news/2015/07/10_23-24_196339167_366/index.md: Tags must contain 3 to 8 items. Response: {'categories': ['Новости'], 'tags': ['рсм', 'сила']}
2026-09-07 01:37:39,291 [ERROR] Validation failed for content/news/2015/07/13_11-45_196339167_371/index.md: Tags must contain 3 to 8 items. Response: {'categories': ['Новости'], 'tags': ['улыбаюсь']}
2026-09-07 01:37:59,616 [ERROR] Validation failed for content/news/2015/07/23_10-19_196339167_378/index.md: Tags must contain 3 to 8 items. Response: {'categories': ['Новости'], 'tags': ['асхаб денильханов', 'деньги']}
2026-09-07 01:38:14,993 [ERROR] Validation failed for content/news/2015/07/24_23-13_196339167_382/index.md: Tags must contain 3 to 8 items. Response: {'categories': ['Новости'], 'tags': ['дербент', 'мужики']}
2026-09-07 01:38:31,620 [ERROR] Validation failed for content/news/2015/07/31_21-52_196339167_392/index.md: Tags must contain 3 to 8 items. Response: {'categories': ['Патриотическое воспитание', 'Образование и обучение'], 'tags': ['Создателю', 'день настанет']}
2026-09-07 01:38:33,895 [ERROR] Validation failed for content/news/2015/08/01_23-25_196339167_394/index.md: Tags must contain 3 to 8 items. Response: {'categories': ['Конкурсы'], 'tags': ['InstaFrame']}
2026-09-07 01:38:49,179 [ERROR] Validation failed for content/news/2015/08/05_21-13_196339167_400/index.md: Tags must contain 3 to 8 items. Response: {'categories': ['Объявления'], 'tags': ['машук 2015']}
2026-09-07 01:38:56,619 [ERROR] Validation failed for content/news/2015/08/06_20-23_196339167_403/index.md: Tags must contain 3 to 8 items. Response: {'categories': ['Конкурсы'], 'tags': ['InstaFrame']}
2026-09-07 01:38:58,048 [ERROR] Validation failed for content/news/2015/08/06_20-27_196339167_404/index.md: Tags must contain 3 to 8 items. Response: {'categories': ['Конкурсы'], 'tags': ['InstaFrame']}
2026-09-07 01:39:11,862 [ERROR] Validation failed for content/news/2015/08/15_08-23_196339167_410/index.md: Tags must contain 3 to 8 items. Response: {'categories': ['Новости'], 'tags': ['страна']}
2026-09-07 01:39:35,369 [ERROR] Validation failed for content/news/2015/08/16_08-31_196339167_416/index.md: Tags must contain 3 to 8 items. Response: {'categories': ['Новости'], 'tags': ['россия', 'чеченская республика', 'грозный', 'чгтрк', 'т.алмев', 'и.базаев', 'м.муцаев', 'ш-х.хамадов', 'м.дунаев', 'ток-шоу', 'дтп-вопроснациональнойбезопасности']}
2026-09-07 01:40:49,675 [ERROR] Validation failed for content/news/2015/08/23_20-31_196339167_433/index.md: Tags must contain 3 to 8 items. Response: {'categories': ['Конкурсы'], 'tags': ['InstaFrame']}
2026-09-07 01:40:51,121 [ERROR] Validation failed for content/news/2015/08/23_20-33_196339167_434/index.md: Tags must contain 3 to 8 items. Response: {'categories': ['Конкурсы'], 'tags': ['InstaFrame']}
2026-09-07 01:40:52,630 [ERROR] Validation failed for content/news/2015/08/23_20-37_196339167_435/index.md: Tags must contain 3 to 8 items. Response: {'categories': ['Интерактивные игры'], 'tags': ['InstaFrame']}
2026-09-07 01:41:19,652 [ERROR] Validation failed for content/news/2015/09/02_01-41_196339167_445/index.md: Tags must contain 3 to 8 items. Response: {'categories': ['Новости'], 'tags': []}
2026-09-07 01:41:30,152 [ERROR] Validation failed for content/news/2015/09/05_00-57_196339167_449/index.md: Tags must contain 3 to 8 items. Response: {'categories': ['Интерактивные игры'], 'tags': ['InstaFrame']}
2026-09-07 01:41:52,311 [ERROR] Validation failed for content/news/2015/09/05_19-21_196339167_453/index.md: Tags must contain 3 to 8 items. Response: {'categories': ['Объявления'], 'tags': ['день города']}
2026-09-07 01:41:55,194 [ERROR] Validation failed for content/news/2015/09/05_19-47_196339167_454/index.md: Tags must contain 3 to 8 items. Response: {'categories': ['Новости'], 'tags': ['к. маркс', 'фото']}
2026-09-07 01:42:15,207 [ERROR] Validation failed for content/news/2015/09/07_22-33_196339167_460/index.md: Tags must contain 3 to 8 items. Response: {'categories': ['Интерактивные игры'], 'tags': ['творение родственника']}
2026-09-07 01:42:45,596 [ERROR] Validation failed for content/news/2015/09/11_23-44_196339167_470/index.md: Tags must contain 3 to 8 items. Response: {'categories': ['Патриотическое воспитание'], 'tags': ['аллах']}
2026-09-07 01:42:56,004 [ERROR] Validation failed for content/news/2015/09/13_22-58_196339167_473/index.md: Tags must contain 3 to 8 items. Response: {'categories': ['Новости'], 'tags': ['охотник', 'минимаркет']}
2026-09-07 01:43:03,097 [ERROR] Validation failed for content/news/2015/09/14_01-04_196339167_475/index.md: Tags must contain 3 to 8 items. Response: {'categories': ['Мероприятия'], 'tags': ['поужинаем на славу']}
2026-09-07 01:43:21,316 [ERROR] Validation failed for content/news/2015/09/24_07-37_196339167_484/index.md: Tags must contain 3 to 8 items. Response: {'categories': ['Новости', 'Патриотическое воспитание'], 'tags': ['мусульмане', 'праздник']}
2026-09-07 01:43:27,283 [ERROR] Validation failed for content/news/2015/09/26_20-50_196339167_486/index.md: Tags must contain 3 to 8 items. Response: {'categories': ['Патриотическое воспитание'], 'tags': ['охота', 'рыбалка']}
2026-09-07 01:43:31,669 [ERROR] Validation failed for content/news/2015/09/28_07-50_196339167_488/index.md: Tags must contain 3 to 8 items. Response: {'categories': ['Новости'], 'tags': ['дорогой домой']}
2026-09-07 01:44:17,961 [ERROR] Validation failed for content/news/2015/10/05_11-30_196339167_503/index.md: Tags must contain 3 to 8 items. Response: {'categories': ['Объявления'], 'tags': ['с днем рождения', 'грозный']}
2026-09-07 01:44:20,054 [ERROR] Validation failed for content/news/2015/10/06_00-30_196339167_505/index.md: Tags must contain 3 to 8 items. Response: {'categories': ['Новости'], 'tags': ['ставрополь']}
2026-09-07 01:44:22,842 [ERROR] Validation failed for content/news/2015/10/06_00-47_196339167_506/index.md: Tags must contain 3 to 8 items. Response: {'categories': ['Новости'], 'tags': ['Лараме Пачахь', 'Везачу АЛЛАХА декъалла войла хьо винчу даь']}
2026-09-07 01:44:29,160 [ERROR] Validation failed for content/news/2015/10/06_23-15_196339167_509/index.md: Tags must contain 3 to 8 items. Response: {'categories': ['Объявления'], 'tags': ['осетия']}
2026-09-07 01:44:30,847 [ERROR] Validation failed for content/news/2015/10/06_23-58_196339167_510/index.md: Tags must contain 3 to 8 items. Response: {'categories': ['Новости'], 'tags': ['архив']}
2026-09-07 01:44:46,808 [ERROR] Validation failed for content/news/2015/10/07_21-50_196339167_515/index.md: Tags must contain 3 to 8 items. Response: {'categories': ['Форумы и съезды'], 'tags': ['ставрополь']}
2026-09-07 01:45:01,641 [ERROR] Validation failed for content/news/2015/10/09_06-53_196339167_520/index.md: Tags must contain 3 to 8 items. Response: {'categories': ['Объявления'], 'tags': []}
2026-09-07 01:45:04,223 [ERROR] Validation failed for content/news/2015/10/09_09-56_196339167_521/index.md: Tags must contain 3 to 8 items. Response: {'categories': ['Патриотическое воспитание'], 'tags': ['день рождения', 'молодежь']}
2026-09-07 01:45:21,828 [ERROR] Validation failed for content/news/2015/10/10_18-28_196339167_526/index.md: Tags must contain 3 to 8 items. Response: {'categories': ['Новости'], 'tags': ['общественная палата']}
2026-09-07 01:45:42,003 [ERROR] Validation failed for content/news/2015/10/11_01-04_196339167_531/index.md: Tags must contain 3 to 8 items. Response: {'categories': ['Патриотическое воспитание'], 'tags': ['везачу аллаха декъалла войла хьо винчу даьнца са ваша ханпаш']}
2026-09-07 01:45:59,649 [ERROR] Validation failed for content/news/2015/10/13_09-23_196339167_540/index.md: Categories must contain 1 or 2 items. Response: {'categories': [], 'tags': []}
2026-09-07 01:46:22,925 [ERROR] Validation failed for content/news/2015/10/16_22-23_196339167_548/index.md: Tags must contain 3 to 8 items. Response: {'categories': ['Конкурсы'], 'tags': ['InstaFrame']}
2026-09-07 01:46:24,290 [ERROR] Validation failed for content/news/2015/10/16_22-33_196339167_551/index.md: Tags must contain 3 to 8 items. Response: {'categories': ['Конкурсы'], 'tags': ['InstaFrame']}
2026-09-07 01:46:31,263 [ERROR] Validation failed for content/news/2015/10/18_07-41_196339167_556/index.md: Tags must contain 3 to 8 items. Response: {'categories': ['Новости'], 'tags': []}
2026-09-07 01:46:33,660 [ERROR] Validation failed for content/news/2015/10/18_07-46_196339167_557/index.md: Tags must contain 3 to 8 items. Response: {'categories': ['Конкурсы'], 'tags': ['InstaFrame']}
2026-09-07 01:47:21,710 [ERROR] Validation failed for content/news/2015/10/29_23-21_196339167_571/index.md: Tags must contain 3 to 8 items. Response: {'categories': ['Новости', 'Объявления'], 'tags': ['награждение', 'достойные люди']}
2026-09-07 01:47:23,311 [ERROR] Validation failed for content/news/2015/10/30_01-19_196339167_572/index.md: Tags must contain 3 to 8 items. Response: {'categories': ['Объявления'], 'tags': ['дала аьтту бойла шу']}
2026-09-07 01:47:24,773 [ERROR] Validation failed for content/news/2015/10/30_05-38_196339167_573/index.md: Tags must contain 3 to 8 items. Response: {'categories': ['Новости'], 'tags': []}
2026-09-07 01:47:31,401 [ERROR] Validation failed for content/news/2015/11/01_16-13_196339167_576/index.md: Tags must contain 3 to 8 items. Response: {'categories': ['Новости'], 'tags': ['профсоюз работников жизнеобеспечения', 'приоритетные направления']}
2026-09-07 01:48:42,039 [ERROR] Validation failed for content/news/2015/11/06_05-26_196339167_600/index.md: Tags must contain 3 to 8 items. Response: {'categories': ['Новости'], 'tags': []}
2026-09-07 01:49:04,641 [ERROR] Validation failed for content/news/2015/11/09_23-29_196339167_608/index.md: Tags must contain 3 to 8 items. Response: {'categories': ['Новости'], 'tags': ['ЧГТРК', 'Грозный']}
2026-09-07 01:49:18,928 [ERROR] Validation failed for content/news/2015/11/12_00-36_196339167_611/index.md: Tags must contain 3 to 8 items. Response: {'categories': ['Новости'], 'tags': ['москва', 'москвичи']}
2026-09-07 01:49:27,423 [ERROR] Validation failed for content/news/2015/11/13_07-39_196339167_615/index.md: Tags must contain 3 to 8 items. Response: {'categories': ['Новости'], 'tags': []}
2026-09-07 01:49:38,716 [ERROR] Validation failed for content/news/2015/11/15_22-35_196339167_622/index.md: Tags must contain 3 to 8 items. Response: {'categories': ['Объявления'], 'tags': []}
2026-09-07 01:49:40,749 [ERROR] Validation failed for content/news/2015/11/16_05-33_196339167_624/index.md: Categories must contain 1 or 2 items. Response: {'categories': [], 'tags': []}
2026-09-07 01:49:43,106 [ERROR] Validation failed for content/news/2015/11/16_05-45_196339167_625/index.md: Tags must contain 3 to 8 items. Response: {'categories': ['Новости'], 'tags': []}
2026-09-07 01:49:45,447 [ERROR] Validation failed for content/news/2015/11/16_07-26_196339167_626/index.md: Tags must contain 3 to 8 items. Response: {'categories': ['Образование и обучение'], 'tags': ['школа', 'мать']}
2026-09-07 01:50:29,985 [ERROR] Validation failed for content/news/2015/11/22_23-57_196339167_640/index.md: Tags must contain 3 to 8 items. Response: {'categories': ['Патриотическое воспитание'], 'tags': ['в огне не горю']}
2026-09-07 01:50:31,985 [ERROR] Validation failed for content/news/2015/11/23_00-15_196339167_641/index.md: Tags must contain 3 to 8 items. Response: {'categories': ['Новости'], 'tags': ['охота', 'ибрагим базаев']}
2026-09-07 01:50:47,531 [ERROR] Validation failed for content/news/2015/11/24_22-34_196339167_646/index.md: Tags must contain 3 to 8 items. Response: {'categories': ['Новости'], 'tags': ['общественная палата чр']}
2026-09-07 01:51:03,164 [ERROR] Validation failed for content/news/2015/11/25_21-32_196339167_650/index.md: Tags must contain 3 to 8 items. Response: {'categories': ['Интерактивные игры'], 'tags': ['вид из окна']}
2026-09-07 01:51:04,987 [ERROR] Validation failed for content/news/2015/11/26_07-51_196339167_651/index.md: Tags must contain 3 to 8 items. Response: {'categories': ['Новости'], 'tags': ['москва']}
2026-09-07 01:51:34,354 [ERROR] Validation failed for content/news/2015/11/27_10-55_196339167_658/index.md: Tags must contain 3 to 8 items. Response: {'categories': ['Патриотическое воспитание', 'Образование и обучение'], 'tags': ['человеком']}
2026-09-07 01:51:46,529 [ERROR] Validation failed for content/news/2015/11/27_15-31_196339167_664/index.md: Tags must contain 3 to 8 items. Response: {'categories': ['Новости'], 'tags': ['парламент', 'Д.Б. Абдурахманов']}
2026-09-07 01:51:58,784 [ERROR] Validation failed for content/news/2015/11/29_06-03_196339167_668/index.md: Tags must contain 3 to 8 items. Response: {'categories': ['Новости'], 'tags': ['доброе утро страна']}
2026-09-07 01:52:24,805 [ERROR] Validation failed for content/news/2015/12/03_00-15_196339167_678/index.md: Tags must contain 3 to 8 items. Response: {'categories': ['Интерактивные игры'], 'tags': ['конфетка', 'instagram']}
2026-09-07 01:52:48,908 [ERROR] Validation failed for content/news/2015/12/06_21-28_196339167_685/index.md: Tags must contain 3 to 8 items. Response: {'categories': ['Новости'], 'tags': ['российский союз молодежи', 'регионы', 'к', 'р', 'д', 'п', 'т', 'б', 'ч']}
2026-09-07 01:52:53,715 [ERROR] Validation failed for content/news/2015/12/06_23-47_196339167_687/index.md: Tags must contain 3 to 8 items. Response: {'categories': ['Новости'], 'tags': []}
2026-09-07 01:53:27,343 [ERROR] Validation failed for content/news/2015/12/18_17-15_196339167_704/index.md: Tags must contain 3 to 8 items. Response: {'categories': ['Международное сотрудничество'], 'tags': ['министерство иностранных дел кнр']}
2026-09-07 01:54:14,639 [ERROR] Validation failed for content/news/2015/12/22_20-03_196339167_717/index.md: Tags must contain 3 to 8 items. Response: {'categories': ['Образование и обучение'], 'tags': ['соут']}
2026-09-07 01:54:21,528 [ERROR] Validation failed for content/news/2015/12/23_08-51_196339167_719/index.md: Tags must contain 3 to 8 items. Response: {'categories': ['Международное сотрудничество'], 'tags': ['Всекитайская Федерация молодежи']}
2026-09-07 01:54:22,382 [ERROR] Validation failed for content/news/2015/12/23_14-55_196339167_720/index.md: Tags must contain 3 to 8 items. Response: {'categories': ['Международное сотрудничество'], 'tags': ['Всекитайская Федерация молодежи']}
2026-09-07 01:54:47,674 [ERROR] Validation failed for content/news/2015/12/25_00-11_196339167_726/index.md: Tags must contain 3 to 8 items. Response: {'categories': ['Новости'], 'tags': ['великая китайская стена', 'китай']}
2026-09-07 01:54:51,555 [ERROR] Validation failed for content/news/2015/12/25_02-46_196339167_727/index.md: Tags must contain 3 to 8 items. Response: {'categories': ['Международное сотрудничество'], 'tags': ['дмитрий кротов', 'россия', 'рсм', 'рсм25', 'роштабаонфвчр', 'российская делегация', 'российский союз молодежи', 'китай', 'чеченская республика']}
2026-09-07 01:55:02,917 [ERROR] Validation failed for content/news/2015/12/30_07-37_196339167_732/index.md: Tags must contain 3 to 8 items. Response: {'categories': ['Патриотическое воспитание', 'Волонтёрство'], 'tags': ['благие дела']}
2026-09-07 01:55:10,243 [ERROR] Validation failed for content/news/2015/12/31_18-18_196339167_734/index.md: Tags must contain 3 to 8 items. Response: {'categories': ['Патриотическое воспитание'], 'tags': ['всех благ в обоих мирах']}
2026-09-07 01:55:12,015 [ERROR] Validation failed for content/news/2015/12/31_21-44_196339167_735/index.md: Tags must contain 3 to 8 items. Response: {'categories': ['Объявления'], 'tags': ['с новым годом']}
2026-09-07 01:55:43,177 [ERROR] Validation failed for content/news/2016/01/05_19-29_196339167_743/index.md: Tags must contain 3 to 8 items. Response: {'categories': ['Мероприятия'], 'tags': ['спортивная охота', 'друзья']}
2026-09-07 01:55:51,239 [ERROR] Validation failed for content/news/2016/01/06_20-25_196339167_745/index.md: Tags must contain 3 to 8 items. Response: {'categories': ['Патриотическое воспитание'], 'tags': ['БугIан-Юртовский лес']}
2026-09-07 01:56:19,506 [ERROR] Validation failed for content/news/2016/01/13_08-34_196339167_757/index.md: Tags must contain 3 to 8 items. Response: {'categories': ['Новости'], 'tags': ['завтрак', 'пекинская утка']}
2026-09-07 01:56:29,401 [ERROR] Validation failed for content/news/2016/01/15_20-02_196339167_762/index.md: Tags must contain 3 to 8 items. Response: {'categories': ['Новости'], 'tags': ['встреча']}
2026-09-07 01:56:31,319 [ERROR] Validation failed for content/news/2016/01/17_14-04_196339167_763/index.md: Tags must contain 3 to 8 items. Response: {'categories': ['Объявления'], 'tags': ['чеченская республика', 'грозный-информ']}
2026-09-07 01:57:23,099 [ERROR] Validation failed for content/news/2016/01/24_10-01_196339167_789/index.md: Tags must contain 3 to 8 items. Response: {'categories': ['Патриотическое воспитание'], 'tags': ['единство', 'сила']}
2026-09-07 01:57:39,623 [ERROR] Validation failed for content/news/2016/01/24_22-02_196339167_798/index.md: Tags must contain 3 to 8 items. Response: {'categories': ['Патриотическое воспитание'], 'tags': ['единство', 'сила']}
2026-09-07 01:57:41,236 [ERROR] Validation failed for content/news/2016/01/24_22-04_196339167_799/index.md: Tags must contain 3 to 8 items. Response: {'categories': ['Новости'], 'tags': ['бувайсар сайтиев', 'мировой спорт']}
2026-09-07 01:58:10,120 [ERROR] Validation failed for content/news/2016/01/26_21-07_196339167_811/index.md: Tags must contain 3 to 8 items. Response: {'categories': ['Образование и обучение'], 'tags': ['иса хаджимурадов', 'работа']}
2026-09-07 01:58:23,073 [ERROR] Validation failed for content/news/2016/01/29_23-50_196339167_816/index.md: Tags must contain 3 to 8 items. Response: {'categories': ['Объявления'], 'tags': ['маленькая принцесса']}
2026-09-07 01:58:25,734 [ERROR] Validation failed for content/news/2016/01/29_23-52_196339167_817/index.md: Tags must contain 3 to 8 items. Response: {'categories': ['Конкурсы', 'Мероприятия'], 'tags': ['детский конкурс', 'спорт холл колизей']}
2026-09-07 01:59:11,608 [ERROR] Validation failed for content/news/2016/02/07_15-18_196339167_830/index.md: Tags must contain 3 to 8 items. Response: {'categories': ['Патриотическое воспитание', 'Волонтёрство'], 'tags': ['творите добро']}
2026-09-07 01:59:49,470 [ERROR] Validation failed for content/news/2016/02/19_11-21_196339167_842/index.md: Tags must contain 3 to 8 items. Response: {'categories': ['Новости'], 'tags': ['совет профсоюзов', 'чр']}
2026-09-07 02:00:11,877 [ERROR] Validation failed for content/news/2016/02/21_04-28_196339167_847/index.md: Tags must contain 3 to 8 items. Response: {'categories': ['Новости'], 'tags': ['кбр', 'санаторий "чайка"']}
2026-09-07 02:02:00,847 [ERROR] Validation failed for content/news/2016/03/04_02-08_196339167_872/index.md: Tags must contain 3 to 8 items. Response: {'categories': ['Объявления'], 'tags': []}
2026-09-07 02:03:22,216 [ERROR] Validation failed for content/news/2016/03/21_12-09_196339167_896/index.md: Tags must contain 3 to 8 items. Response: {'categories': ['Образование и обучение', 'Проекты'], 'tags': ['наука']}
2026-09-07 02:03:32,682 [ERROR] Validation failed for content/news/2016/03/22_18-47_196339167_899/index.md: Tags must contain 3 to 8 items. Response: {'categories': ['Форумы и съезды', 'Новости'], 'tags': ['Ильяс Шаваевым', 'съезд РСМ']}
2026-09-07 02:03:34,971 [ERROR] Validation failed for content/news/2016/03/22_18-52_196339167_900/index.md: Tags must contain 3 to 8 items. Response: {'categories': ['Форумы и съезды'], 'tags': ['съезд РСМ']}
2026-09-07 02:04:07,278 [ERROR] Validation failed for content/news/2016/03/23_18-41_196339167_909/index.md: Tags must contain 3 to 8 items. Response: {'categories': ['Форумы и съезды', 'Мероприятия'], 'tags': ['XI Съезд Российского Союза Молодежи', 'совещание региональной группы СКФО']}
2026-09-07 02:04:17,625 [ERROR] Validation failed for content/news/2016/03/24_17-31_196339167_912/index.md: Tags must contain 3 to 8 items. Response: {'categories': ['Форумы и съезды', 'Новости'], 'tags': ['ix съезд рсм', '24 марта 2016 года']}
2026-09-07 02:04:19,653 [ERROR] Validation failed for content/news/2016/03/24_17-34_196339167_913/index.md: Tags must contain 3 to 8 items. Response: {'categories': ['Форумы и съезды'], 'tags': ['9 съезд РСМ', 'Илиас Шаваевы']}
2026-09-07 02:04:58,237 [ERROR] Validation failed for content/news/2016/03/27_18-22_196339167_923/index.md: Tags must contain 3 to 8 items. Response: {'categories': ['Новости'], 'tags': ['27.03.2016г.', 'цирк']}
2026-09-07 02:04:59,429 [ERROR] Validation failed for content/news/2016/03/28_04-58_196339167_924/index.md: Tags must contain 3 to 8 items. Response: {'categories': ['Новости'], 'tags': ['27.03.2016г.', 'цирк']}
2026-09-07 02:05:06,815 [ERROR] Validation failed for content/news/2016/03/29_21-10_196339167_926/index.md: Tags must contain 3 to 8 items. Response: {'categories': ['Новости'], 'tags': ['победа чистая', 'нечестная']}
2026-09-07 02:06:21,265 [ERROR] Validation failed for content/news/2016/04/09_16-59_196339167_947/index.md: Tags must contain 3 to 8 items. Response: {'categories': ['Новости', 'Волонтёрство'], 'tags': ['общественная палата', 'субботник']}
2026-09-07 02:06:32,165 [ERROR] Validation failed for content/news/2016/04/09_23-15_196339167_950/index.md: Tags must contain 3 to 8 items. Response: {'categories': ['Новости'], 'tags': ['дневник мужичка']}
2026-09-07 02:06:34,474 [ERROR] Validation failed for content/news/2016/04/11_10-19_196339167_951/index.md: Tags must contain 3 to 8 items. Response: {'categories': ['Новости'], 'tags': ['11.04.2016г.', 'заседание совета профсоюзов Чеченской Республики']}
2026-09-07 02:07:27,832 [ERROR] Validation failed for content/news/2016/04/13_10-58_196339167_962/index.md: Tags must contain 3 to 8 items. Response: {'categories': ['Новости'], 'tags': ['фнпр', 'культурная программа', 'михаил шмаков', 'советпрофсоюзов чр', 'хусайн солтагереев', 'профсоюз лесного хозяйства', 'абдулла дадаев', 'профсоюз жизнеобеспечения', 'муса дунаев']}
2026-09-07 02:07:37,996 [ERROR] Validation failed for content/news/2016/04/13_22-08_196339167_965/index.md: Tags must contain 3 to 8 items. Response: {'categories': ['Международное сотрудничество'], 'tags': ['казане']}
2026-09-07 02:07:51,828 [ERROR] Validation failed for content/news/2016/04/13_22-55_196339167_968/index.md: Tags must contain 3 to 8 items. Response: {'categories': ['Новости'], 'tags': ['фнпр', 'михаил шмаков', 'советпрофсоюзовчр', 'хусайн солтагереев', 'чроопрофсоюзаработниковлесногохозяйства', 'абдула дадаев', 'чроопрофсоюзаработниковжизнеобеспечения', 'муса дунаев', 'чечня', 'кезеной ам']}
2026-09-07 02:08:20,743 [ERROR] Validation failed for content/news/2016/04/15_00-00_196339167_976/index.md: Tags must contain 3 to 8 items. Response: {'categories': ['Новости'], 'tags': ['Кезеной Ам']}
2026-09-07 02:08:22,399 [ERROR] Validation failed for content/news/2016/04/15_00-03_196339167_977/index.md: Tags must contain 3 to 8 items. Response: {'categories': ['Объявления'], 'tags': ['Кезенной Ам']}
2026-09-07 02:08:33,611 [ERROR] Validation failed for content/news/2016/04/16_08-14_196339167_981/index.md: Tags must contain 3 to 8 items. Response: {'categories': ['Патриотическое воспитание'], 'tags': ['ЧР', 'страна']}
2026-09-07 02:08:46,517 [ERROR] Validation failed for content/news/2016/04/21_09-47_196339167_985/index.md: Tags must contain 3 to 8 items. Response: {'categories': ['Новости'], 'tags': ['макларен']}
2026-09-07 02:08:52,286 [ERROR] Validation failed for content/news/2016/04/23_23-59_196339167_987/index.md: Tags must contain 3 to 8 items. Response: {'categories': ['Новости', 'Международное сотрудничество'], 'tags': ['москва', 'прием']}
2026-09-07 02:08:54,416 [ERROR] Validation failed for content/news/2016/04/24_00-04_196339167_988/index.md: Tags must contain 3 to 8 items. Response: {'categories': ['Новости'], 'tags': ['детки']}
2026-09-07 02:08:58,687 [ERROR] Validation failed for content/news/2016/04/25_16-20_196339167_990/index.md: Tags must contain 3 to 8 items. Response: {'categories': ['Новости'], 'tags': ['федерация профсоюзов чеченской республики', 'первомайские праздники']}
2026-09-07 02:09:05,345 [ERROR] Validation failed for content/news/2016/04/25_16-46_196339167_992/index.md: Tags must contain 3 to 8 items. Response: {'categories': ['Патриотическое воспитание'], 'tags': ['день чеченского языка']}
2026-09-07 02:09:07,854 [ERROR] Validation failed for content/news/2016/04/25_22-41_196339167_993/index.md: Tags must contain 3 to 8 items. Response: {'categories': ['Новости'], 'tags': ['голуби', 'архив']}
2026-09-07 02:09:30,060 [ERROR] Validation failed for content/news/2016/04/29_00-07_196339167_999/index.md: Tags must contain 3 to 8 items. Response: {'categories': ['Новости'], 'tags': ['общественная палата чр']}
2026-09-07 02:09:57,805 [ERROR] Validation failed for content/news/2016/05/01_13-40_196339167_1007/index.md: Tags must contain 3 to 8 items. Response: {'categories': ['Объявления'], 'tags': ['праздник']}
2026-09-07 02:10:00,455 [ERROR] Validation failed for content/news/2016/05/01_20-17_196339167_1008/index.md: Tags must contain 3 to 8 items. Response: {'categories': ['Патриотическое воспитание'], 'tags': ['пасха', 'православный праздник']}
2026-09-07 02:10:07,537 [ERROR] Validation failed for content/news/2016/05/01_23-24_196339167_1010/index.md: Tags must contain 3 to 8 items. Response: {'categories': ['Новости'], 'tags': ['везачу аллаха', 'декьалла дойла шу']}
2026-09-07 02:10:32,401 [ERROR] Validation failed for content/news/2016/05/06_04-10_196339167_1017/index.md: Tags must contain 3 to 8 items. Response: {'categories': ['Новости'], 'tags': ['джума намаз']}
2026-09-07 02:10:35,041 [ERROR] Validation failed for content/news/2016/05/06_16-39_196339167_1018/index.md: Tags must contain 3 to 8 items. Response: {'categories': ['Патриотическое воспитание'], 'tags': ['zelenoe_zoloto']}
2026-09-07 02:10:48,291 [ERROR] Validation failed for content/news/2016/05/09_08-24_196339167_1022/index.md: Tags must contain 3 to 8 items. Response: {'categories': ['Патриотическое воспитание'], 'tags': ['день великой победы']}
2026-09-07 02:11:00,757 [ERROR] Validation failed for content/news/2016/05/09_23-14_196339167_1025/index.md: Tags must contain 3 to 8 items. Response: {'categories': ['Патриотическое воспитание'], 'tags': ['ветеранам ВОВ']}
2026-09-07 02:11:03,440 [ERROR] Validation failed for content/news/2016/05/09_23-15_196339167_1026/index.md: Tags must contain 3 to 8 items. Response: {'categories': ['Патриотическое воспитание'], 'tags': ['героям', 'подвиг']}
2026-09-07 02:11:05,955 [ERROR] Validation failed for content/news/2016/05/10_00-46_196339167_1028/index.md: Tags must contain 3 to 8 items. Response: {'categories': ['Патриотическое воспитание'], 'tags': ['любим и помним']}
2026-09-07 02:11:13,954 [ERROR] Validation failed for content/news/2016/05/11_19-54_196339167_1030/index.md: Tag duplicates category. Response: {'categories': ['Образование и обучение', 'Проекты'], 'tags': ['президентский лицей г.грозный', 'открытый кавказ', 'камбиев руслан', 'кчр', 'обучающий тренинг', 'проекты', 'международная исламская миссия', 'фонд поддержки исламской культуры и науки']}
2026-09-07 02:11:38,334 [ERROR] Validation failed for content/news/2016/05/14_20-37_196339167_1036/index.md: Tags must contain 3 to 8 items. Response: {'categories': ['Форумы и съезды'], 'tags': ['Дом профсоюзов ЧР', 'Траектория успеха']}
2026-09-07 02:11:41,426 [ERROR] Validation failed for content/news/2016/05/16_14-04_196339167_1037/index.md: Tags must contain 3 to 8 items. Response: {'categories': ['Новости'], 'tags': ['совет федерации профсоюзов чр', '16.05.2016']}
2026-09-07 02:13:42,001 [ERROR] Validation failed for content/news/2016/05/24_01-05_196339167_1067/index.md: Tags must contain 3 to 8 items. Response: {'categories': ['Образование и обучение'], 'tags': ['Венеция', 'город красоты и греха']}
2026-09-07 02:13:44,390 [ERROR] Validation failed for content/news/2016/05/24_01-12_196339167_1068/index.md: Tags must contain 3 to 8 items. Response: {'categories': ['Международное сотрудничество'], 'tags': ['италия']}
2026-09-07 02:13:49,290 [ERROR] Validation failed for content/news/2016/05/24_11-07_196339167_1069/index.md: Tag duplicates category. Response: {'categories': ['Форумы и съезды', 'Общественная палата ЧР'], 'tags': ['общественная палата чр', 'круглый стол', 'гражданская инициатива', 'благоустройство', 'архитектурное оформление территорий', 'домовладения']}
2026-09-07 02:14:05,194 [ERROR] Validation failed for content/news/2016/05/25_00-33_196339167_1074/index.md: Tags must contain 3 to 8 items. Response: {'categories': ['Новости'], 'tags': ['италия', 'милан']}
2026-09-07 02:14:06,812 [ERROR] Validation failed for content/news/2016/05/26_02-53_196339167_1076/index.md: Tags must contain 3 to 8 items. Response: {'categories': ['Новости'], 'tags': []}
2026-09-07 02:14:36,428 [ERROR] Validation failed for content/news/2016/05/29_00-59_196339167_1086/index.md: Tags must contain 3 to 8 items. Response: {'categories': ['Новости'], 'tags': ['Реал', 'Лига Чемпионов']}
2026-09-07 02:15:33,339 [ERROR] Validation failed for content/news/2016/06/01_17-39_196339167_1103/index.md: Tags must contain 3 to 8 items. Response: {'categories': ['Мероприятия'], 'tags': ['ОПЧР']}
2026-09-07 02:15:35,378 [ERROR] Validation failed for content/news/2016/06/01_22-45_196339167_1104/index.md: Tags must contain 3 to 8 items. Response: {'categories': ['Патриотическое воспитание'], 'tags': ['защитите детей от себя', 'ответственность']}
2026-09-07 02:15:56,687 [ERROR] Validation failed for content/news/2016/06/02_20-48_196339167_1116/index.md: Tags must contain 3 to 8 items. Response: {'categories': ['Образование и обучение'], 'tags': ['золотые слова']}
2026-09-07 02:16:25,244 [ERROR] Validation failed for content/news/2016/06/09_12-47_196339167_1128/index.md: Tags must contain 3 to 8 items. Response: {'categories': ['Новости'], 'tags': ['маша и медведь']}
2026-09-07 02:17:15,198 [ERROR] Validation failed for content/news/2016/06/27_01-12_196339167_1153/index.md: Tags must contain 3 to 8 items. Response: {'categories': ['Патриотическое воспитание'], 'tags': ['время', 'создатель']}
2026-09-07 02:18:31,635 [ERROR] Validation failed for content/news/2016/07/05_01-57_196339167_1171/index.md: Tags must contain 3 to 8 items. Response: {'categories': ['Новости'], 'tags': ['04.07.2016г.', 'совета профсоюзов ЧР', 'ФедерацияпрофсоюзовЧР', 'ХусайнСолтагереев', 'ЧРООпрофсоюзаработниковжизнеобеспечения', 'Дунаев', 'ассоциацияобщественныхобьединенийЧР', 'рсм26', 'ОНФ']}
2026-09-07 02:18:43,406 [ERROR] Validation failed for content/news/2016/07/09_00-54_196339167_1176/index.md: Tags must contain 3 to 8 items. Response: {'categories': ['Новости'], 'tags': ['Франция', 'Гризман']}
2026-09-07 02:18:45,878 [ERROR] Validation failed for content/news/2016/07/09_10-18_196339167_1177/index.md: Tags must contain 3 to 8 items. Response: {'categories': ['Интерактивные игры'], 'tags': ['гимн холостяка']}
2026-09-07 02:19:26,089 [ERROR] Validation failed for content/news/2016/07/16_15-48_196339167_1188/index.md: Tags must contain 3 to 8 items. Response: {'categories': ['Новости'], 'tags': ['Д-Р', 'ЧР', 'Магомед Алиев', 'свадьба', 'КБР', 'Нальчик', 'Загиди Махмудов', 'Дагестан', 'Чечня', 'Дунаев']}
2026-09-07 02:20:12,121 [ERROR] Validation failed for content/news/2016/07/19_18-39_196339167_1200/index.md: Tags must contain 3 to 8 items. Response: {'categories': ['Новости'], 'tags': ['полетели']}
2026-09-07 02:20:24,018 [ERROR] Validation failed for content/news/2016/07/20_15-54_196339167_1203/index.md: Tags must contain 3 to 8 items. Response: {'categories': ['Патриотическое воспитание', 'Образование и обучение'], 'tags': ['велосипедистов', 'здоровый образ жизни']}
2026-09-07 02:20:33,363 [ERROR] Validation failed for content/news/2016/07/20_20-48_196339167_1206/index.md: Tags must contain 3 to 8 items. Response: {'categories': ['Мероприятия'], 'tags': ['альви альтамиров', 'юбилейный концерт']}
2026-09-07 02:20:36,095 [ERROR] Validation failed for content/news/2016/07/20_22-29_196339167_1207/index.md: Tags must contain 3 to 8 items. Response: {'categories': ['Новости'], 'tags': ['чеченский лепс', 'альвильтамиров']}
2026-09-07 02:20:52,386 [ERROR] Validation failed for content/news/2016/07/21_11-31_196339167_1211/index.md: Tags must contain 3 to 8 items. Response: {'categories': ['Новости', 'Патриотическое воспитание'], 'tags': ['10-летие', 'Общественная палата ЧР']}
2026-09-07 02:21:04,532 [ERROR] Validation failed for content/news/2016/07/22_11-21_196339167_1217/index.md: Tags must contain 3 to 8 items. Response: {'categories': ['Форумы и съезды'], 'tags': ['онф']}
2026-09-07 02:21:22,651 [ERROR] Validation failed for content/news/2016/07/22_15-19_196339167_1221/index.md: Tags must contain 3 to 8 items. Response: {'categories': ['Форумы и съезды', 'Патриотическое воспитание'], 'tags': ['архыз-2016г.', 'форум']}
2026-09-07 02:23:26,294 [ERROR] Validation failed for content/news/2016/08/14_06-41_196339167_1252/index.md: Tags must contain 3 to 8 items. Response: {'categories': ['Мероприятия'], 'tags': ['прыжок']}
2026-09-07 02:23:27,809 [ERROR] Validation failed for content/news/2016/08/14_11-50_196339167_1253/index.md: Tags must contain 3 to 8 items. Response: {'categories': ['Новости'], 'tags': ['прыжки']}
2026-09-07 02:24:07,747 [ERROR] Validation failed for content/news/2016/08/16_20-56_196339167_1264/index.md: Tags must contain 3 to 8 items. Response: {'categories': ['Новости'], 'tags': ['гостиница "беркат"']}
2026-09-07 02:24:27,985 [ERROR] Validation failed for content/news/2016/08/18_18-30_196339167_1269/index.md: Tags must contain 3 to 8 items. Response: {'categories': ['Новости'], 'tags': []}
2026-09-07 02:25:47,019 [ERROR] Validation failed for content/news/2016/08/27_02-02_196339167_1289/index.md: Tags must contain 3 to 8 items. Response: {'categories': ['Форумы и съезды', 'Патриотическое воспитание'], 'tags': ['общероссийский форум активных граждан', 'сообщество']}
2026-09-07 02:26:13,632 [ERROR] Validation failed for content/news/2016/08/28_08-52_196339167_1296/index.md: Tags must contain 3 to 8 items. Response: {'categories': ['Форумы и съезды', 'Новости'], 'tags': ['форум "сообщество"', 'курган']}
2026-09-07 02:26:36,787 [ERROR] Validation failed for content/news/2016/08/28_23-59_196339167_1301/index.md: Tags must contain 3 to 8 items. Response: {'categories': ['Патриотическое воспитание', 'Новости'], 'tags': ['савельева', 'курган', 'форум', 'фондперспектива', 'чечня', 'чеченскаяреспублика', 'аргун', 'базаев', 'дунаев']}
2026-09-07 02:26:39,882 [ERROR] Validation failed for content/news/2016/08/29_00-07_196339167_1302/index.md: Tags must contain 3 to 8 items. Response: {'categories': ['Патриотическое воспитание', 'Волонтёрство'], 'tags': ['горы', 'охрана']}
2026-09-07 02:26:45,997 [ERROR] Validation failed for content/news/2016/08/29_00-14_196339167_1304/index.md: Tags must contain 3 to 8 items. Response: {'categories': ['Новости'], 'tags': ['гость устал', 'джентльмены']}
2026-09-07 02:27:43,011 [ERROR] Validation failed for content/news/2016/09/07_13-36_196339167_1320/index.md: Tags must contain 3 to 8 items. Response: {'categories': ['Новости'], 'tags': []}
2026-09-07 02:27:56,893 [ERROR] Validation failed for content/news/2016/09/08_22-32_196339167_1325/index.md: Tags must contain 3 to 8 items. Response: {'categories': ['Новости'], 'tags': ['совет федерации профсоюзов чр']}
2026-09-07 02:28:17,532 [ERROR] Validation failed for content/news/2016/09/08_23-21_196339167_1330/index.md: Tags must contain 3 to 8 items. Response: {'categories': ['Образование и обучение', 'Новости'], 'tags': ['день знаний', '1сентябрь', 'шалинский район', 'онфвмоём регионе', 'интернациональная партия россии в чр', 'нацсовет общественных объединений россии', 'рсм', 'общественная палата чр', 'федерация профсоюзов чр']}
2026-09-07 02:28:31,998 [ERROR] Validation failed for content/news/2016/09/12_06-55_196339167_1336/index.md: Tags must contain 3 to 8 items. Response: {'categories': ['Новости'], 'tags': ['курбан-байрам']}
2026-09-07 02:28:37,004 [ERROR] Validation failed for content/news/2016/09/14_00-58_196339167_1338/index.md: Tags must contain 3 to 8 items. Response: {'categories': ['Интерактивные игры'], 'tags': ['кабан']}
2026-09-07 02:28:39,206 [ERROR] Validation failed for content/news/2016/09/14_01-01_196339167_1339/index.md: Tags must contain 3 to 8 items. Response: {'categories': ['Новости'], 'tags': ['будем рыбу ловить']}
2026-09-07 02:28:40,903 [ERROR] Validation failed for content/news/2016/09/14_01-03_196339167_1340/index.md: Tags must contain 3 to 8 items. Response: {'categories': ['Новости'], 'tags': ['охота']}
2026-09-07 02:28:43,177 [ERROR] Validation failed for content/news/2016/09/14_01-25_196339167_1341/index.md: Tags must contain 3 to 8 items. Response: {'categories': ['Мероприятия'], 'tags': ['активный отдых']}
2026-09-07 02:28:44,853 [ERROR] Validation failed for content/news/2016/09/14_01-27_196339167_1342/index.md: Tags must contain 3 to 8 items. Response: {'categories': ['Новости'], 'tags': ['ведучи']}
2026-09-07 02:28:46,524 [ERROR] Validation failed for content/news/2016/09/14_05-13_196339167_1343/index.md: Tags must contain 3 to 8 items. Response: {'categories': ['Новости'], 'tags': ['доброе утро страна', 'город спит']}
2026-09-07 02:29:08,059 [ERROR] Validation failed for content/news/2016/09/17_13-08_196339167_1350/index.md: Categories must contain 1 or 2 items. Response: {'categories': [], 'tags': []}
2026-09-07 02:29:25,379 [ERROR] Validation failed for content/news/2016/09/18_09-53_196339167_1355/index.md: Tags must contain 3 to 8 items. Response: {'categories': ['Патриотическое воспитание', 'Объявления'], 'tags': ['день чеченской женщины']}
2026-09-07 02:29:52,681 [ERROR] Validation failed for content/news/2016/09/19_18-49_196339167_1364/index.md: Tags must contain 3 to 8 items. Response: {'categories': ['Новости'], 'tags': ['рамзан кадыров', 'выборы главы чр']}
2026-09-07 02:30:20,004 [ERROR] Validation failed for content/news/2016/09/22_07-56_196339167_1370/index.md: Tags must contain 3 to 8 items. Response: {'categories': ['Патриотическое воспитание'], 'tags': ['день защиты слонов']}
2026-09-07 02:30:41,092 [ERROR] Validation failed for content/news/2016/09/23_14-18_196339167_1375/index.md: Tags must contain 3 to 8 items. Response: {'categories': ['Новости'], 'tags': ['друг']}
2026-09-07 02:31:29,210 [ERROR] Validation failed for content/news/2016/09/24_09-46_196339167_1387/index.md: Tags must contain 3 to 8 items. Response: {'categories': ['Новости'], 'tags': ['домбай']}
2026-09-07 02:31:44,124 [ERROR] Validation failed for content/news/2016/09/25_13-07_196339167_1390/index.md: Tags must contain 3 to 8 items. Response: {'categories': ['Форумы и съезды', 'Объявления'], 'tags': ['круглый стол', 'платформа', 'КЧР', 'онф в моём регионе', 'общественная палата ЧР', 'рсм', 'Базаев', 'Дунаев', 'Камбиев', 'МИМ', 'Пшихачев']}
2026-09-07 02:31:49,367 [ERROR] Validation failed for content/news/2016/09/25_13-10_196339167_1391/index.md: Tags must contain 3 to 8 items. Response: {'categories': ['Новости'], 'tags': ['домбай', 'кчр', 'чечня', 'кадыров', 'платформа', 'мим', 'пшихачев', 'базаев', 'камбиев', 'дунаев', 'общественнаяпалата', 'рсм']}
2026-09-07 02:32:40,692 [ERROR] Validation failed for content/news/2016/09/27_11-21_196339167_1404/index.md: Tags must contain 3 to 8 items. Response: {'categories': ['Новости'], 'tags': []}
2026-09-07 02:32:43,297 [ERROR] Validation failed for content/news/2016/09/27_11-24_196339167_1405/index.md: Tags must contain 3 to 8 items. Response: {'categories': ['Новости'], 'tags': ['фотография', 'исключительная фотография']}
2026-09-07 02:35:13,615 [ERROR] Validation failed for content/news/2016/10/09_08-34_196339167_1444/index.md: Tags must contain 3 to 8 items. Response: {'categories': ['Объявления'], 'tags': ['день рождения']}
2026-09-07 02:38:22,580 [ERROR] Validation failed for content/news/2016/10/21_22-11_196339167_1492/index.md: Tags must contain 3 to 8 items. Response: {'categories': ['Международное сотрудничество'], 'tags': ['делегациячр', 'проектмим', 'международнаяисламскаямиссия', 'пшихачев', 'думчр', 'минмолчр', 'миннацчр', 'опчр', 'пятигорскмечеть']}
2026-09-07 02:40:32,631 [ERROR] Validation failed for content/news/2016/10/28_19-02_196339167_1526/index.md: Tags must contain 3 to 8 items. Response: {'categories': ['Новости'], 'tags': ['аппетита']}
2026-09-07 02:42:11,669 [ERROR] Validation failed for content/news/2016/10/31_05-20_196339167_1549/index.md: Tags must contain 3 to 8 items. Response: {'categories': ['Объявления'], 'tags': []}
2026-09-07 02:42:31,636 [ERROR] Validation failed for content/news/2016/11/03_00-04_196339167_1554/index.md: Tags must contain 3 to 8 items. Response: {'categories': ['Новости'], 'tags': ['москва', 'москвичи']}
2026-09-07 02:43:42,469 [ERROR] Validation failed for content/news/2016/11/04_10-18_196339167_1571/index.md: Tags must contain 3 to 8 items. Response: {'categories': ['Патриотическое воспитание', 'Новости'], 'tags': ['день народного единства']}
2026-09-07 02:44:20,885 [ERROR] Validation failed for content/news/2016/11/05_18-13_196339167_1578/index.md: Tags must contain 3 to 8 items. Response: {'categories': ['Новости'], 'tags': ['ресторан "ДАЙ КХЕРЧ!"', 'федерацияпрофсоюзовчр', 'общественнаяпалатачр', 'командарсм', 'ассоциацияобщественныхобъединенийчр', 'интернациональнаяпартияроссии', 'вппиф', 'рафаилов', 'дунаев']}
2026-09-07 02:44:23,228 [ERROR] Validation failed for content/news/2016/11/05_21-23_196339167_1579/index.md: Tags must contain 3 to 8 items. Response: {'categories': ['Образование и обучение', 'Патриотическое воспитание'], 'tags': ['ночной грозный', 'мне нравится']}
2026-09-07 02:45:09,289 [ERROR] Validation failed for content/news/2016/11/07_19-53_196339167_1590/index.md: Tags must contain 3 to 8 items. Response: {'categories': ['Объявления'], 'tags': []}
2026-09-07 02:45:33,380 [ERROR] Validation failed for content/news/2016/11/12_08-14_196339167_1599/index.md: Categories must contain 1 or 2 items. Response: {'categories': [], 'tags': []}
2026-09-07 02:45:36,020 [ERROR] Validation failed for content/news/2016/11/12_22-30_196339167_1600/index.md: Tags must contain 3 to 8 items. Response: {'categories': ['Новости'], 'tags': ['дунаев', 'свадьба']}
2026-09-07 02:46:07,403 [ERROR] Validation failed for content/news/2016/11/15_21-16_196339167_1609/index.md: Tags must contain 3 to 8 items. Response: {'categories': ['Новости'], 'tags': ['россия-румыния', 'футбол']}
2026-09-07 02:46:09,845 [ERROR] Validation failed for content/news/2016/11/15_21-16_196339167_1610/index.md: Tags must contain 3 to 8 items. Response: {'categories': ['Патриотическое воспитание'], 'tags': ['сборная']}
2026-09-07 02:46:11,716 [ERROR] Validation failed for content/news/2016/11/15_21-18_196339167_1611/index.md: Tags must contain 3 to 8 items. Response: {'categories': ['Новости'], 'tags': ['победа', 'сборная']}
2026-09-07 02:46:13,798 [ERROR] Validation failed for content/news/2016/11/15_21-32_196339167_1612/index.md: Tags must contain 3 to 8 items. Response: {'categories': ['Новости'], 'tags': ['россия', 'румыния']}
2026-09-07 02:47:00,909 [ERROR] Validation failed for content/news/2016/11/18_20-11_196339167_1623/index.md: Tags must contain 3 to 8 items. Response: {'categories': ['Новости'], 'tags': ['ставрополь', 'снег']}
2026-09-07 02:47:07,900 [ERROR] Validation failed for content/news/2016/11/18_20-11_196339167_1625/index.md: Tags must contain 3 to 8 items. Response: {'categories': ['Объявления'], 'tags': ['особый друг']}
2026-09-07 02:47:22,230 [ERROR] Validation failed for content/news/2016/11/20_21-01_196339167_1631/index.md: Tags must contain 3 to 8 items. Response: {'categories': ['Форумы и съезды'], 'tags': ['форум', 'сообщество', 'москва', 'опрф', 'опчр', 'командарсм', 'рсм', 'базаев', 'дунаев']}
2026-09-07 02:47:24,527 [ERROR] Validation failed for content/news/2016/11/20_21-01_196339167_1632/index.md: Tags must contain 3 to 8 items. Response: {'categories': ['Форумы и съезды'], 'tags': ['форум', 'сообщество', 'москва', 'опрф', 'опчр', 'командарсм', 'рсм', 'базаев', 'дунаев']}
2026-09-07 02:52:28,907 [ERROR] Validation failed for content/news/2016/12/24_19-36_196339167_1703/index.md: Tags must contain 3 to 8 items. Response: {'categories': ['Новости'], 'tags': ['соболезнования']}
2026-09-07 02:54:21,107 [ERROR] Validation failed for content/news/2016/12/24_19-54_196339167_1732/index.md: Tags must contain 3 to 8 items. Response: {'categories': ['Новости'], 'tags': ['чемпионат России по дзюдо', 'талисман']}
2026-09-07 02:54:23,826 [ERROR] Validation failed for content/news/2016/12/24_19-54_196339167_1733/index.md: Tags must contain 3 to 8 items. Response: {'categories': ['Мероприятия'], 'tags': ['мастерят', 'детки']}
2026-09-07 02:54:29,628 [ERROR] Validation failed for content/news/2016/12/24_19-54_196339167_1735/index.md: Tags must contain 3 to 8 items. Response: {'categories': ['Интерактивные игры'], 'tags': ['фотоохота']}
2026-09-07 02:54:32,138 [ERROR] Validation failed for content/news/2016/12/24_19-54_196339167_1736/index.md: Tags must contain 3 to 8 items. Response: {'categories': ['Новости'], 'tags': ['журналисты']}
2026-09-07 02:56:05,732 [ERROR] Validation failed for content/news/2016/12/26_20-19_196339167_1759/index.md: Tags must contain 3 to 8 items. Response: {'categories': ['Новости'], 'tags': ['по ту сторону объектива']}
2026-09-07 02:56:56,231 [ERROR] Validation failed for content/news/2016/12/29_13-15_196339167_1771/index.md: Tags must contain 3 to 8 items. Response: {'categories': ['Новости', 'Патриотическое воспитание'], 'tags': ['чеченскийнациональныйтеатр', 'общественнаяпалатачр', 'нацсовето', 'командарсм', 'рсм', 'базаев', 'дунаев', 'майрбекисмаилов', 'ветеранвойнывафганистане']}
2026-09-07 02:57:09,215 [ERROR] Validation failed for content/news/2016/12/30_01-55_196339167_1775/index.md: Tags must contain 3 to 8 items. Response: {'categories': ['Новости'], 'tags': ['чеченский художник', 'аласханов зайнди']}
2026-09-07 02:57:14,837 [ERROR] Validation failed for content/news/2016/12/30_06-55_196339167_1777/index.md: Tags must contain 3 to 8 items. Response: {'categories': ['Новости'], 'tags': ['благословенная пятница']}
2026-09-07 02:57:39,279 [ERROR] Validation failed for content/news/2016/12/31_17-13_196339167_1783/index.md: Tags must contain 3 to 8 items. Response: {'categories': ['Новости'], 'tags': ['новый 2017', 'выходные']}
2026-09-07 02:57:44,188 [ERROR] Validation failed for content/news/2017/01/01_06-34_196339167_1784/index.md: Tags must contain 3 to 8 items. Response: {'categories': ['Объявления'], 'tags': ['новыйгод2017', 'рсм', 'общественнаяпалатачр', 'федерацияпрофсоюзовчр', 'национадьныйсоветобщественныхобъединенийчр', 'базаев', 'гучигов', 'хаджимурадов', 'сайдаев', 'гайраханов']}
2026-09-07 02:57:48,540 [ERROR] Validation failed for content/news/2017/01/02_14-26_196339167_1786/index.md: Categories must contain 1 or 2 items. Response: {'categories': [], 'tags': []}
2026-09-07 02:58:03,858 [ERROR] Validation failed for content/news/2017/01/05_18-22_196339167_1790/index.md: Tags must contain 3 to 8 items. Response: {'categories': ['Новости'], 'tags': ['ибрагимбазаев']}
2026-09-07 02:58:23,069 [ERROR] Validation failed for content/news/2017/01/06_06-45_196339167_1795/index.md: Tags must contain 3 to 8 items. Response: {'categories': ['Объявления'], 'tags': ['благословенная пятница']}
2026-09-07 02:58:33,094 [ERROR] Validation failed for content/news/2017/01/06_20-00_196339167_1798/index.md: Tags must contain 3 to 8 items. Response: {'categories': ['Новости'], 'tags': ['с новым 2017 годом']}
2026-09-07 02:58:35,151 [ERROR] Validation failed for content/news/2017/01/07_01-04_196339167_1799/index.md: Tags must contain 3 to 8 items. Response: {'categories': ['Патриотическое воспитание'], 'tags': ['православный']}
2026-09-07 02:59:09,789 [ERROR] Validation failed for content/news/2017/01/08_13-50_196339167_1807/index.md: Tags must contain 3 to 8 items. Response: {'categories': ['Объявления'], 'tags': ['армхигорнолыжныйкурорт', 'армхиджейрахотдых', 'Хаджимурадов', 'национальныйсоветобщественныхобъединений', 'командарсм', 'активчрорсм', 'Тагиев', 'Капланов', 'Дунаев']}
2026-09-07 02:59:29,645 [ERROR] Validation failed for content/news/2017/01/08_22-36_196339167_1812/index.md: Tags must contain 3 to 8 items. Response: {'categories': ['Новости'], 'tags': ['пещера']}
2026-09-07 02:59:34,433 [ERROR] Validation failed for content/news/2017/01/10_16-14_196339167_1816/index.md: Tags must contain 3 to 8 items. Response: {'categories': ['Патриотическое воспитание'], 'tags': ['горы']}
2026-09-07 03:00:12,038 [ERROR] Validation failed for content/news/2017/01/15_10-30_196339167_1826/index.md: Tags must contain 3 to 8 items. Response: {'categories': ['Новости'], 'tags': ['доброеутро', 'активных выходных']}
2026-09-07 03:00:16,655 [ERROR] Validation failed for content/news/2017/01/17_01-19_196339167_1828/index.md: Tags must contain 3 to 8 items. Response: {'categories': ['Объявления'], 'tags': ['стамбул']}
2026-09-07 03:01:14,397 [ERROR] Validation failed for content/news/2017/01/22_15-54_196339167_1849/index.md: Tags must contain 3 to 8 items. Response: {'categories': ['Новости'], 'tags': ['горы', 'альпы']}
2026-09-07 03:01:24,515 [ERROR] Validation failed for content/news/2017/01/26_14-25_196339167_1852/index.md: Tags must contain 3 to 8 items. Response: {'categories': ['Новости'], 'tags': ['совет общественной палаты чр']}
2026-09-07 03:01:30,768 [ERROR] Validation failed for content/news/2017/01/27_13-40_196339167_1854/index.md: Tags must contain 3 to 8 items. Response: {'categories': ['Объявления'], 'tags': ['красотадаитолько']}
2026-09-07 03:01:32,783 [ERROR] Validation failed for content/news/2017/01/29_19-13_196339167_1855/index.md: Tags must contain 3 to 8 items. Response: {'categories': ['Патриотическое воспитание'], 'tags': ['м.и.кутузов', 'русский народ']}
2026-09-07 03:01:52,519 [ERROR] Validation failed for content/news/2017/01/30_16-04_196339167_1860/index.md: Duplicate tags. Response: {'categories': ['Объявления'], 'tags': ['дмитрий', 'день рождения', 'аллаха', 'аллаха', 'пшихачевшафигауесович', 'плиевафатима', 'дунаевмуса']}
2026-09-07 03:01:55,544 [ERROR] Validation failed for content/news/2017/01/30_18-33_196339167_1861/index.md: Tags must contain 3 to 8 items. Response: {'categories': ['Патриотическое воспитание'], 'tags': ['В.И. Ленин', 'детство']}
2026-09-07 03:01:57,901 [ERROR] Validation failed for content/news/2017/01/30_21-54_196339167_1862/index.md: Tags must contain 3 to 8 items. Response: {'categories': ['Образование и обучение'], 'tags': ['образование', 'страна']}
2026-09-07 03:02:00,607 [ERROR] Validation failed for content/news/2017/02/02_12-10_196339167_1864/index.md: Tags must contain 3 to 8 items. Response: {'categories': ['Новости'], 'tags': ['совет общественной палаты чеченской республики']}
2026-09-07 03:02:17,011 [ERROR] Validation failed for content/news/2017/02/09_01-01_196339167_1869/index.md: Categories must contain 1 or 2 items. Response: {'categories': [], 'tags': []}
2026-09-07 03:02:25,725 [ERROR] Validation failed for content/news/2017/02/09_01-10_196339167_1872/index.md: Categories must contain 1 or 2 items. Response: {'categories': [], 'tags': []}
2026-09-07 03:02:37,267 [ERROR] Validation failed for content/news/2017/02/10_07-40_196339167_1877/index.md: Categories must contain 1 or 2 items. Response: {'categories': [], 'tags': []}
2026-09-07 03:02:38,042 [ERROR] Validation failed for content/news/2017/02/10_07-43_196339167_1878/index.md: Categories must contain 1 or 2 items. Response: {'categories': [], 'tags': []}
2026-09-07 03:04:12,236 [ERROR] Validation failed for content/news/2017/02/15_17-56_196339167_1901/index.md: Tags must contain 3 to 8 items. Response: {'categories': ['Проекты'], 'tags': ['возвращение к истокам!', 'нацсоветобщественныхобьединенийчр']}
2026-09-07 03:04:26,623 [ERROR] Validation failed for content/news/2017/02/16_06-55_196339167_1905/index.md: Tags must contain 3 to 8 items. Response: {'categories': ['Новости'], 'tags': ['итум-калиинский район', 'чр']}
2026-09-07 03:04:29,096 [ERROR] Validation failed for content/news/2017/02/16_06-56_196339167_1906/index.md: Tags must contain 3 to 8 items. Response: {'categories': ['Новости'], 'tags': ['шаройский район', 'чр']}
2026-09-07 03:05:14,806 [ERROR] Validation failed for content/news/2017/02/20_22-58_196339167_1916/index.md: Categories must contain 1 or 2 items. Response: {'categories': [], 'tags': []}
2026-09-07 03:05:22,238 [ERROR] Validation failed for content/news/2017/02/25_10-04_196339167_1921/index.md: Tags must contain 3 to 8 items. Response: {'categories': ['Новости'], 'tags': ['ростов']}
2026-09-07 03:05:34,195 [ERROR] Validation failed for content/news/2017/03/01_20-07_196339167_1925/index.md: Tags must contain 3 to 8 items. Response: {'categories': ['Проекты', 'Патриотическое воспитание'], 'tags': ['возвращение к истокам', 'грозный-информ']}
2026-09-07 03:06:02,146 [ERROR] Validation failed for content/news/2017/03/06_19-08_196339167_1932/index.md: Tags must contain 3 to 8 items. Response: {'categories': ['Мероприятия'], 'tags': ['ростовнадону', 'прогулкапогороду']}
2026-09-07 03:06:14,218 [ERROR] Validation failed for content/news/2017/03/08_05-44_196339167_1935/index.md: Tags must contain 3 to 8 items. Response: {'categories': ['Патриотическое воспитание'], 'tags': ['скорбь', 'братья']}
2026-09-07 03:06:16,604 [ERROR] Validation failed for content/news/2017/03/08_12-39_196339167_1936/index.md: Tags must contain 3 to 8 items. Response: {'categories': ['Объявления'], 'tags': ['женщины', 'праздник']}
2026-09-07 03:06:36,432 [ERROR] Validation failed for content/news/2017/03/11_19-25_196339167_1940/index.md: Duplicate tags. Response: {'categories': ['Новости'], 'tags': ['шалинский район', 'мбоусош2сбелгатой', 'тимурмагом', 'мбоусош2сбелгатой', 'тимурмагомадов', 'бекхансатуев', 'ибрагимбазаев']}
2026-09-07 03:10:47,164 [ERROR] Validation failed for content/news/2017/03/23_08-38_196339167_1994/index.md: Duplicate tags. Response: {'categories': ['Патриотическое воспитание', 'Объявления'], 'tags': ['день принятия конституции чеченской республики', '23 марта 2003 года', 'россия', 'чеченская республика', 'россия', 'путин владимир иванович', 'кадыров рамзана хаматович']}
2026-09-07 03:10:54,773 [ERROR] Validation failed for content/news/2017/03/23_21-03_196339167_1996/index.md: Duplicate tags. Response: {'categories': ['Патриотическое воспитание', 'Объявления'], 'tags': ['день принятия конституции чеченской республики', '23 марта 2003 года', 'россия', 'чеченская республика', 'россия', 'путин владимир иванович', 'кадыров рамзана хаматович']}
2026-09-07 03:11:01,855 [ERROR] Validation failed for content/news/2017/03/24_01-22_196339167_1998/index.md: Tags must contain 3 to 8 items. Response: {'categories': ['Проекты', 'Образование и обучение'], 'tags': ['сельская молодежь', 'грозный-информ']}
2026-09-07 03:11:20,639 [ERROR] Validation failed for content/news/2017/03/24_12-55_196339167_2002/index.md: Duplicate tags. Response: {'categories': ['Новости'], 'tags': ['гагаринский клуб', '24.03.2017г', 'гагаринский клуб', 'национальный совет молодёжных и детских объединений', 'григорий петушков', 'чроосоюз молодежи', 'чрорсм']}
2026-09-07 03:11:58,595 [ERROR] Validation failed for content/news/2017/03/26_19-49_196339167_2012/index.md: Tags must contain 3 to 8 items. Response: {'categories': ['Проекты', 'Образование и обучение'], 'tags': ['сельская молодежь', 'грозный-информ']}
2026-09-07 03:12:12,676 [ERROR] Validation failed for content/news/2017/03/27_22-25_196339167_2018/index.md: Tags must contain 3 to 8 items. Response: {'categories': ['Новости'], 'tags': ['чечня', 'гагаринский клуб']}
2026-09-07 03:12:29,934 [ERROR] Validation failed for content/news/2017/03/29_05-01_196339167_2022/index.md: Tags must contain 3 to 8 items. Response: {'categories': ['Новости'], 'tags': []}
2026-09-07 03:12:35,864 [ERROR] Validation failed for content/news/2017/03/30_08-50_196339167_2024/index.md: Tags must contain 3 to 8 items. Response: {'categories': ['Новости', 'Международное сотрудничество'], 'tags': ['эфелева башня', 'брат', 'племянник', 'россия', 'франция', 'париж', 'брюсель', 'москва', 'грозный']}
2026-09-07 03:13:23,840 [ERROR] Validation failed for content/news/2017/04/04_00-04_196339167_2038/index.md: Tags must contain 3 to 8 items. Response: {'categories': ['Образование и обучение'], 'tags': ['детство']}
2026-09-07 03:14:47,594 [ERROR] Validation failed for content/news/2017/04/08_17-19_196339167_2058/index.md: Tags must contain 3 to 8 items. Response: {'categories': ['Новости'], 'tags': ['терек-арсенал', 'болеем за наших']}
2026-09-07 03:15:52,925 [ERROR] Validation failed for content/news/2017/04/11_10-53_196339167_2072/index.md: Tags must contain 3 to 8 items. Response: {'categories': ['Проекты', 'Патриотическое воспитание'], 'tags': ['возвращение к истокам', 'грозный-информ']}
2026-09-07 03:16:05,636 [ERROR] Validation failed for content/news/2017/04/12_18-03_196339167_2075/index.md: Tags must contain 3 to 8 items. Response: {'categories': ['Новости'], 'tags': ['дагестан', 'махмудовзагиди']}
2026-09-07 03:17:10,000 [ERROR] Validation failed for content/news/2017/04/16_23-12_196339167_2092/index.md: Tags must contain 3 to 8 items. Response: {'categories': ['Объявления'], 'tags': ['рамзан ахматович', 'кадыров']}
2026-09-07 03:17:11,132 [ERROR] Validation failed for content/news/2017/04/16_23-13_196339167_2093/index.md: Tags must contain 3 to 8 items. Response: {'categories': ['Объявления'], 'tags': ['рамзан ахматович', 'кадыров']}
2026-09-07 03:17:52,565 [ERROR] Validation failed for content/news/2017/04/21_08-17_196339167_2103/index.md: Tags must contain 3 to 8 items. Response: {'categories': ['Новости'], 'tags': ['москва', 'москвичи']}
2026-09-07 03:19:02,649 [ERROR] Validation failed for content/news/2017/04/25_23-40_196339167_2120/index.md: Tags must contain 3 to 8 items. Response: {'categories': ['Новости'], 'tags': ['адлан нагаев', 'день рождения']}
2026-09-07 03:20:53,392 [ERROR] Validation failed for content/news/2017/04/30_00-36_196339167_2148/index.md: Tags must contain 3 to 8 items. Response: {'categories': ['Патриотическое воспитание'], 'tags': ['воля всевышнего аллаха']}
2026-09-07 03:21:46,450 [ERROR] Validation failed for content/news/2017/05/04_22-37_196339167_2163/index.md: Tags must contain 3 to 8 items. Response: {'categories': ['Международное сотрудничество', 'Объявления'], 'tags': ['реальныепацаны', 'проектмим', 'международнаяисламскаямиссия', 'пшихачевшафигауесович', 'проектплатформа', 'шаройскийрайончр', 'мбоусош2селокхенхи', 'оооофицерыроссиивчр', 'общественнаяпалатачр', 'национальныйсоветмолодежныхидетскихобъединенийчеченскойреспублики']}
2026-09-07 03:23:47,597 [ERROR] Validation failed for content/news/2017/05/06_01-31_196339167_2188/index.md: Tags must contain 3 to 8 items. Response: {'categories': ['Новости'], 'tags': ['деньнашидов', 'мбоусош2селобелгатой', 'директор', 'петиматамерхан', 'оооофицерыроссиивчр', 'мовлагайраханов', 'общественнаяпалатачр', 'ибрагимбазаев', 'комиссияповопросаммолодежнойполитикифизическойкультурыиспорта', 'национальныйсоветмолодежныхидетскихобъединенийчеченскойреспублики', 'членопчр', 'мусадунаев']}
2026-09-07 03:25:14,012 [ERROR] Validation failed for content/news/2017/05/08_23-59_196339167_2211/index.md: Tags must contain 3 to 8 items. Response: {'categories': ['Патриотическое воспитание'], 'tags': ['день великой победы', 'ветераны']}
2026-09-07 03:25:17,318 [ERROR] Validation failed for content/news/2017/05/09_00-02_196339167_2212/index.md: Tags must contain 3 to 8 items. Response: {'categories': ['Патриотическое воспитание'], 'tags': ['везачу аллаха декьалла войла хьо']}
2026-09-07 03:25:19,709 [ERROR] Validation failed for content/news/2017/05/09_04-15_196339167_2213/index.md: Tags must contain 3 to 8 items. Response: {'categories': ['Патриотическое воспитание'], 'tags': ['праздник']}
2026-09-07 03:25:42,182 [ERROR] Validation failed for content/news/2017/05/09_23-34_196339167_2219/index.md: Tags must contain 3 to 8 items. Response: {'categories': ['Патриотическое воспитание'], 'tags': ['день победы']}
2026-09-07 03:25:57,798 [ERROR] Validation failed for content/news/2017/05/10_10-21_196339167_2223/index.md: Tags must contain 3 to 8 items. Response: {'categories': ['Патриотическое воспитание'], 'tags': ['аллах', 'рай']}
2026-09-07 03:26:12,602 [ERROR] Validation failed for content/news/2017/05/10_15-58_196339167_2226/index.md: Tags must contain 3 to 8 items. Response: {'categories': ['Новости'], 'tags': ['национальныймузейчр', 'адландинаев', 'ибрагимбазаев', 'мамимуцаев', 'денияхьяев', 'рабуаздаева', 'общественнаяпалатачр', 'комиссияповопросаммолодежнойполитикифизическойкультурыиспорта', 'национальныйсоветмолодежныхидетскихобъединенийчеченскойреспублики', 'чрорсм', 'чроосоюзмолодежи']}
2026-09-07 03:27:04,917 [ERROR] Validation failed for content/news/2017/05/14_22-15_196339167_2239/index.md: Tags must contain 3 to 8 items. Response: {'categories': ['Новости'], 'tags': ['веденский район', 'красота да и только']}
2026-09-07 03:28:38,637 [ERROR] Validation failed for content/news/2017/05/21_14-43_196339167_2262/index.md: Tags must contain 3 to 8 items. Response: {'categories': ['Новости'], 'tags': ['роза', 'день рождения']}
2026-09-07 03:29:33,697 [ERROR] Validation failed for content/news/2017/05/24_08-47_196339167_2274/index.md: Tags must contain 3 to 8 items. Response: {'categories': ['Новости'], 'tags': []}
2026-09-07 03:30:16,887 [ERROR] Validation failed for content/news/2017/05/24_22-53_196339167_2287/index.md: Tags must contain 3 to 8 items. Response: {'categories': ['Новости'], 'tags': ['дала аьтту бойла шу']}
2026-09-07 03:31:08,196 [ERROR] Validation failed for content/news/2017/05/27_02-36_196339167_2299/index.md: Tags must contain 3 to 8 items. Response: {'categories': ['Объявления'], 'tags': ['рамадан', 'поздравление']}
2026-09-07 03:32:31,930 [ERROR] Validation failed for content/news/2017/05/29_02-19_196339167_2320/index.md: Tags must contain 3 to 8 items. Response: {'categories': ['Интерактивные игры'], 'tags': ['шах и мат']}
2026-09-07 03:32:48,417 [ERROR] Validation failed for content/news/2017/05/31_10-45_196339167_2324/index.md: Tags must contain 3 to 8 items. Response: {'categories': ['Объявления'], 'tags': ['везачу аллаха декьалла войла хьо винчу даьнца адлан', 'всех благ от всевышнего аллаха']}
2026-09-07 03:34:12,177 [ERROR] Validation failed for content/news/2017/06/04_21-40_196339167_2343/index.md: Categories must contain 1 or 2 items. Response: {'categories': [], 'tags': []}
2026-09-07 03:34:18,828 [ERROR] Validation failed for content/news/2017/06/05_00-30_196339167_2345/index.md: Tags must contain 3 to 8 items. Response: {'categories': ['Объявления'], 'tags': ['аллаха']}
2026-09-07 03:34:26,280 [ERROR] Validation failed for content/news/2017/06/05_00-37_196339167_2346/index.md: Tags must contain 3 to 8 items. Response: {'categories': ['Мероприятия'], 'tags': ['вечернашидов', 'народный артист чрисаэ самбаев', 'мбоусош2сбелгато', 'петимата мерханова', 'общественная палата чр', 'ибрагим базаев', 'помощник главы шалинского района чр', 'магомедах махадов', 'национальный совет молодёжных и детских объединений чеченской республики', 'чроо союз молодёжи', 'аслам бекалаудинов', 'чрорсм', 'тимур магомадов']}
2026-09-07 03:35:23,028 [ERROR] Validation failed for content/news/2017/06/09_09-32_196339167_2358/index.md: Tags must contain 3 to 8 items. Response: {'categories': ['Форумы и съезды'], 'tags': ['08.06.2017г', 'минмолчр', 'круглыйстол', 'мовсарибрагимов', 'оооофицерыроссиивчр', 'мовлагайраханов', 'общественнаяпалатачр', 'ибрагимбазаев', 'чрорсм', 'тимурмагомадов', 'чроосоюзмолодежи', 'асламбекалаудинов', 'национальныйсоветмолодежныхидхетскихобъединенийчеченскойреспублики']}
2026-09-07 03:35:29,680 [ERROR] Validation failed for content/news/2017/06/09_09-56_196339167_2359/index.md: Tags must contain 3 to 8 items. Response: {'categories': ['Форумы и съезды'], 'tags': ['08.06.2017г', 'минмолчр', 'круглыйстол', 'мовсарибрагимов', 'оооофицерыроссиивчр', 'мовлагайраханов', 'общественнаяпалатачр', 'ибрагимбазаев', 'чрорсм', 'тимурмагомадов', 'чроосоюзмолодежи', 'асламбекалаудинов', 'национальныйсоветмолодежныхидхетскихобъединенийчеченскойреспублики']}
2026-09-07 03:35:37,429 [ERROR] Validation failed for content/news/2017/06/09_22-00_196339167_2361/index.md: Tags must contain 3 to 8 items. Response: {'categories': ['Новости'], 'tags': ['везачу аллаха декьалла йойла хьо лайлай йинчу даьнца']}
2026-09-07 03:36:08,686 [ERROR] Validation failed for content/news/2017/06/12_02-21_196339167_2369/index.md: Tags must contain 3 to 8 items. Response: {'categories': ['Патриотическое воспитание', 'Новости'], 'tags': ['день россии']}
2026-09-07 03:36:11,307 [ERROR] Validation failed for content/news/2017/06/12_04-09_196339167_2370/index.md: Tags must contain 3 to 8 items. Response: {'categories': ['Патриотическое воспитание'], 'tags': ['день россии']}
2026-09-07 03:37:42,190 [ERROR] Validation failed for content/news/2017/06/17_21-47_196339167_2393/index.md: Tags must contain 3 to 8 items. Response: {'categories': ['Новости'], 'tags': ['активных выходных']}
2026-09-07 03:38:13,568 [ERROR] Validation failed for content/news/2017/06/18_14-19_196339167_2402/index.md: Tags must contain 3 to 8 items. Response: {'categories': ['Новости'], 'tags': ['рыба', 'дети']}
2026-09-07 03:39:26,854 [ERROR] Validation failed for content/news/2017/06/22_23-43_196339167_2419/index.md: Tags must contain 3 to 8 items. Response: {'categories': ['Образование и обучение'], 'tags': ['мастер класс', 'рыбакам']}
2026-09-07 03:39:29,719 [ERROR] Validation failed for content/news/2017/06/23_18-06_196339167_2420/index.md: Tags must contain 3 to 8 items. Response: {'categories': ['Патриотическое воспитание'], 'tags': ['память', 'скорбь']}
2026-09-07 03:39:45,948 [ERROR] Validation failed for content/news/2017/06/24_22-44_196339167_2424/index.md: Tags must contain 3 to 8 items. Response: {'categories': ['Объявления'], 'tags': ['рамадан', 'праздник']}
2026-09-07 03:39:48,413 [ERROR] Validation failed for content/news/2017/06/24_23-09_196339167_2425/index.md: Tags must contain 3 to 8 items. Response: {'categories': ['Патриотическое воспитание'], 'tags': ['рамадан']}
2026-09-07 03:40:27,523 [ERROR] Validation failed for content/news/2017/06/30_13-06_196339167_2436/index.md: Tags must contain 3 to 8 items. Response: {'categories': ['Новости'], 'tags': ['добро пожаловать', 'республика']}
2026-09-07 03:40:30,316 [ERROR] Validation failed for content/news/2017/06/30_13-07_196339167_2437/index.md: Tags must contain 3 to 8 items. Response: {'categories': ['Новости'], 'tags': ['итумкалинский район', 'чр']}
2026-09-07 03:41:51,203 [ERROR] Validation failed for content/news/2017/07/05_20-25_196339167_2456/index.md: Tags must contain 3 to 8 items. Response: {'categories': ['Патриотическое воспитание'], 'tags': ['все люди братья и сестры']}
2026-09-07 03:42:01,338 [ERROR] Validation failed for content/news/2017/07/07_01-04_196339167_2459/index.md: Tags must contain 3 to 8 items. Response: {'categories': ['Новости'], 'tags': []}
2026-09-07 03:43:55,923 [ERROR] Validation failed for content/news/2017/07/09_17-47_196339167_2486/index.md: Tags must contain 3 to 8 items. Response: {'categories': ['Новости'], 'tags': ['чеченская республика', 'нихалойские водопады']}
2026-09-07 03:46:52,926 [ERROR] Validation failed for content/news/2017/07/14_19-25_196339167_2527/index.md: Tags must contain 3 to 8 items. Response: {'categories': ['Объявления'], 'tags': ['домой']}
2026-09-07 03:47:25,926 [ERROR] Validation failed for content/news/2017/07/15_14-09_196339167_2534/index.md: Tags must contain 3 to 8 items. Response: {'categories': ['Объявления'], 'tags': ['махмудов загиди чараковичп', 'день рождения']}
2026-09-07 03:47:40,599 [ERROR] Validation failed for content/news/2017/07/16_23-09_196339167_2538/index.md: Tags must contain 3 to 8 items. Response: {'categories': ['Новости'], 'tags': ['фк "ахмат"']}
2026-09-07 03:47:43,438 [ERROR] Validation failed for content/news/2017/07/16_23-19_196339167_2539/index.md: Tags must contain 3 to 8 items. Response: {'categories': ['Патриотическое воспитание'], 'tags': ['ахмат', 'болеем за наших']}
2026-09-07 03:47:46,024 [ERROR] Validation failed for content/news/2017/07/16_23-48_196339167_2540/index.md: Tags must contain 3 to 8 items. Response: {'categories': ['Новости'], 'tags': ['фк "ахмат"']}
2026-09-07 03:47:47,368 [ERROR] Validation failed for content/news/2017/07/16_23-53_196339167_2541/index.md: Tags must contain 3 to 8 items. Response: {'categories': ['Новости'], 'tags': ['фк "ахмат"']}
2026-09-07 03:47:49,755 [ERROR] Validation failed for content/news/2017/07/17_00-05_196339167_2542/index.md: Tags must contain 3 to 8 items. Response: {'categories': ['Новости'], 'tags': ['ФК "АХМАТ"']}
2026-09-07 03:48:31,474 [ERROR] Validation failed for content/news/2017/07/20_01-27_196339167_2554/index.md: Tags must contain 3 to 8 items. Response: {'categories': ['Объявления'], 'tags': []}
2026-09-07 03:49:34,294 [ERROR] Validation failed for content/news/2017/07/21_22-41_196339167_2571/index.md: Tags must contain 3 to 8 items. Response: {'categories': ['Новости'], 'tags': ['бельгия', 'роликов']}
2026-09-07 03:49:36,950 [ERROR] Validation failed for content/news/2017/07/21_23-46_196339167_2572/index.md: Tags must contain 3 to 8 items. Response: {'categories': ['Новости'], 'tags': ['архыз2017', 'форум']}
2026-09-07 03:49:54,375 [ERROR] Validation failed for content/news/2017/07/22_19-20_196339167_2577/index.md: Tags must contain 3 to 8 items. Response: {'categories': ['Новости'], 'tags': []}
2026-09-07 03:50:07,453 [ERROR] Validation failed for content/news/2017/07/23_07-38_196339167_2580/index.md: Tags must contain 3 to 8 items. Response: {'categories': ['Новости'], 'tags': ['активных выходных', 'дпузья']}
2026-09-07 03:50:58,642 [ERROR] Validation failed for content/news/2017/07/26_23-45_196339167_2592/index.md: Tags must contain 3 to 8 items. Response: {'categories': ['Новости'], 'tags': ['общественная палата чр', 'онлайнсовещание']}
2026-09-07 03:51:24,639 [ERROR] Validation failed for content/news/2017/07/30_23-07_196339167_2599/index.md: Tags must contain 3 to 8 items. Response: {'categories': ['Новости'], 'tags': ['активных выходных']}
2026-09-07 03:52:22,609 [ERROR] Validation failed for content/news/2017/08/03_22-58_196339167_2612/index.md: Tags must contain 3 to 8 items. Response: {'categories': ['Интерактивные игры'], 'tags': ['попробуйте обидеть']}
2026-09-07 03:52:50,026 [ERROR] Validation failed for content/news/2017/08/14_22-11_196339167_2622/index.md: Tags must contain 3 to 8 items. Response: {'categories': ['Патриотическое воспитание'], 'tags': ['детинашебудущее', 'всехблаготсоз']}
2026-09-07 03:52:52,002 [ERROR] Validation failed for content/news/2017/08/16_21-45_196339167_2623/index.md: Tags must contain 3 to 8 items. Response: {'categories': ['Международное сотрудничество'], 'tags': ['бельгия', 'подземные гроты']}
2026-09-07 03:52:55,572 [ERROR] Validation failed for content/news/2017/08/16_22-03_196339167_2625/index.md: Categories must contain 1 or 2 items. Response: {'categories': [], 'tags': []}
2026-09-07 03:53:00,482 [ERROR] Validation failed for content/news/2017/08/16_22-20_196339167_2627/index.md: Tags must contain 3 to 8 items. Response: {'categories': ['Международное сотрудничество'], 'tags': ['санмарино']}
2026-09-07 03:53:07,217 [ERROR] Validation failed for content/news/2017/08/20_19-45_196339167_2629/index.md: Tags must contain 3 to 8 items. Response: {'categories': ['Новости'], 'tags': ['активных выходных']}
2026-09-07 03:53:42,204 [ERROR] Validation failed for content/news/2017/08/23_05-53_196339167_2637/index.md: Tags must contain 3 to 8 items. Response: {'categories': ['Новости'], 'tags': ['хадж']}
2026-09-07 03:53:44,184 [ERROR] Validation failed for content/news/2017/08/23_06-52_196339167_2638/index.md: Tags must contain 3 to 8 items. Response: {'categories': ['Новости'], 'tags': ['саудовская аравия', 'хадж']}
2026-09-07 03:53:51,197 [ERROR] Validation failed for content/news/2017/08/24_18-55_196339167_2641/index.md: Tags must contain 3 to 8 items. Response: {'categories': ['Объявления'], 'tags': []}
2026-09-07 03:54:01,471 [ERROR] Validation failed for content/news/2017/08/26_22-45_196339167_2645/index.md: Tags must contain 3 to 8 items. Response: {'categories': ['Новости'], 'tags': ['доброй ночи']}
2026-09-07 03:54:20,743 [ERROR] Validation failed for content/news/2017/08/29_23-30_196339167_2651/index.md: Tags must contain 3 to 8 items. Response: {'categories': ['Новости'], 'tags': ['общественная палата чр']}
2026-09-07 03:54:35,413 [ERROR] Validation failed for content/news/2017/09/01_06-26_196339167_2656/index.md: Tags must contain 3 to 8 items. Response: {'categories': ['Патриотическое воспитание', 'Объявления'], 'tags': ['курбан-байрам', 'мусульмане']}
2026-09-07 03:54:38,349 [ERROR] Validation failed for content/news/2017/09/01_19-37_196339167_2657/index.md: Tags must contain 3 to 8 items. Response: {'categories': ['Патриотическое воспитание'], 'tags': ['праздник', 'братья и сестры']}
2026-09-07 03:54:56,505 [ERROR] Validation failed for content/news/2017/09/03_19-41_196339167_2662/index.md: Tags must contain 3 to 8 items. Response: {'categories': ['Новости'], 'tags': ['прокляты', 'убийцы']}
2026-09-07 03:55:52,566 [ERROR] Validation failed for content/news/2017/09/10_15-07_196339167_2681/index.md: Tags must contain 3 to 8 items. Response: {'categories': ['Объявления'], 'tags': ['поехали']}
2026-09-07 03:56:00,586 [ERROR] Validation failed for content/news/2017/09/14_09-36_196339167_2684/index.md: Tags must contain 3 to 8 items. Response: {'categories': ['Патриотическое воспитание'], 'tags': ['доброе утро страна', 'спрртзаждыйдееь']}
2026-09-07 03:56:03,811 [ERROR] Validation failed for content/news/2017/09/14_09-36_196339167_2685/index.md: Tags must contain 3 to 8 items. Response: {'categories': ['Новости', 'Мероприятия'], 'tags': ['джигит', 'спорткаждыйдень']}
2026-09-07 03:56:30,060 [ERROR] Validation failed for content/news/2017/09/20_20-55_196339167_2692/index.md: Tags must contain 3 to 8 items. Response: {'categories': ['Объявления'], 'tags': ['с наступающим новым годом', '1439 год']}
2026-09-07 03:56:35,395 [ERROR] Validation failed for content/news/2017/09/21_08-33_196339167_2694/index.md: Tags must contain 3 to 8 items. Response: {'categories': ['Объявления'], 'tags': ['1439 год', 'Новый год']}
2026-09-07 03:56:41,901 [ERROR] Validation failed for content/news/2017/09/22_23-53_196339167_2696/index.md: Tags must contain 3 to 8 items. Response: {'categories': ['Международное сотрудничество'], 'tags': ['Европа']}
2026-09-07 03:56:48,489 [ERROR] Validation failed for content/news/2017/09/23_03-34_196339167_2698/index.md: Tags must contain 3 to 8 items. Response: {'categories': ['Патриотическое воспитание'], 'tags': ['город', 'родина']}
2026-09-07 03:56:51,393 [ERROR] Validation failed for content/news/2017/09/24_10-05_196339167_2700/index.md: Tags must contain 3 to 8 items. Response: {'categories': ['Новости'], 'tags': ['паровоз', 'активные выходные']}
2026-09-07 03:57:42,485 [ERROR] Validation failed for content/news/2017/09/26_20-58_196339167_2716/index.md: Tags must contain 3 to 8 items. Response: {'categories': ['Международное сотрудничество'], 'tags': ['франция', 'страссбург']}
2026-09-07 03:58:13,989 [ERROR] Validation failed for content/news/2017/09/28_19-45_196339167_2727/index.md: Tags must contain 3 to 8 items. Response: {'categories': ['Новости'], 'tags': ['намюр', 'музей']}
2026-09-07 03:58:16,431 [ERROR] Validation failed for content/news/2017/09/28_19-49_196339167_2728/index.md: Tags must contain 3 to 8 items. Response: {'categories': ['Мероприятия'], 'tags': ['намюр', 'экскурсияпоцитаделю']}
2026-09-07 03:58:29,122 [ERROR] Validation failed for content/news/2017/09/28_20-55_196339167_2732/index.md: Tags must contain 3 to 8 items. Response: {'categories': ['Новости'], 'tags': ['бельгия']}
2026-09-07 03:58:32,625 [ERROR] Validation failed for content/news/2017/09/29_08-44_196339167_2733/index.md: Tags must contain 3 to 8 items. Response: {'categories': ['Объявления'], 'tags': ['день рождения', 'исахаджимурадов']}
2026-09-07 03:58:41,581 [ERROR] Validation failed for content/news/2017/09/29_16-13_196339167_2736/index.md: Tags must contain 3 to 8 items. Response: {'categories': ['Образование и обучение'], 'tags': ['языки', 'бельгия']}
2026-09-07 03:58:59,559 [ERROR] Validation failed for content/news/2017/10/04_11-39_196339167_2741/index.md: Tags must contain 3 to 8 items. Response: {'categories': ['Международное сотрудничество'], 'tags': ['брюсель', 'бельгия']}
2026-09-07 03:59:19,924 [ERROR] Validation failed for content/news/2017/10/05_09-46_196339167_2747/index.md: Tags must contain 3 to 8 items. Response: {'categories': ['Объявления'], 'tags': ['день рождения', 'город']}
2026-09-07 04:01:04,465 [ERROR] Validation failed for content/news/2017/10/12_01-00_196339167_2774/index.md: Tags must contain 3 to 8 items. Response: {'categories': ['Новости'], 'tags': ['село хой', 'веденский район']}
2026-09-07 04:01:07,357 [ERROR] Validation failed for content/news/2017/10/12_01-00_196339167_2775/index.md: Tags must contain 3 to 8 items. Response: {'categories': ['Новости'], 'tags': ['оз. кезеной-ам', 'веденский район']}
2026-09-07 04:01:09,250 [ERROR] Validation failed for content/news/2017/10/12_21-24_196339167_2776/index.md: Tags must contain 3 to 8 items. Response: {'categories': ['Объявления'], 'tags': ['приятного аппетита']}
2026-09-07 04:01:10,063 [ERROR] Validation failed for content/news/2017/10/12_21-25_196339167_2777/index.md: Tags must contain 3 to 8 items. Response: {'categories': ['Объявления'], 'tags': ['приятного аппетита']}
2026-09-07 04:01:26,293 [ERROR] Validation failed for content/news/2017/10/13_20-50_196339167_2782/index.md: Tags must contain 3 to 8 items. Response: {'categories': ['Новости'], 'tags': ['ахмат-спартак']}
2026-09-07 04:02:12,173 [ERROR] Validation failed for content/news/2017/10/14_21-06_196339167_2793/index.md: Tags must contain 3 to 8 items. Response: {'categories': ['Новости'], 'tags': ['грозныйсити', 'смотровая площадка']}
2026-09-07 04:02:28,838 [ERROR] Validation failed for content/news/2017/10/16_05-00_196339167_2799/index.md: Tags must contain 3 to 8 items. Response: {'categories': ['Патриотическое воспитание'], 'tags': ['Вставай страна!!!']}
2026-09-07 04:03:53,894 [ERROR] Validation failed for content/news/2017/10/22_05-16_196339167_2822/index.md: Tags must contain 3 to 8 items. Response: {'categories': ['Объявления'], 'tags': ['доброе утро', 'аллаха']}
2026-09-07 04:05:11,085 [ERROR] Validation failed for content/news/2017/10/26_05-26_196339167_2841/index.md: Tags must contain 3 to 8 items. Response: {'categories': ['Объявления'], 'tags': ['доброе утро', 'страна']}
2026-09-07 04:05:14,142 [ERROR] Validation failed for content/news/2017/10/27_00-11_196339167_2842/index.md: Tags must contain 3 to 8 items. Response: {'categories': ['Объявления'], 'tags': ['лайла рабуевна', 'день рождения']}
2026-09-07 04:05:39,778 [ERROR] Validation failed for content/news/2017/10/28_15-47_196339167_2848/index.md: Tags must contain 3 to 8 items. Response: {'categories': ['Мероприятия', 'Патриотическое воспитание'], 'tags': ['спорт']}
2026-09-07 04:10:53,433 [ERROR] Validation failed for content/news/2017/11/16_23-07_196339167_2924/index.md: Tags must contain 3 to 8 items. Response: {'categories': ['Новости'], 'tags': ['племянник', 'ужин']}
2026-09-07 04:11:21,400 [ERROR] Validation failed for content/news/2017/11/19_17-49_196339167_2931/index.md: Tags must contain 3 to 8 items. Response: {'categories': ['Новости'], 'tags': ['аэропорт']}
2026-09-07 04:11:24,140 [ERROR] Validation failed for content/news/2017/11/19_18-00_196339167_2932/index.md: Tags must contain 3 to 8 items. Response: {'categories': ['Патриотическое воспитание'], 'tags': ['аэропорт', 'уважаемые люди']}
2026-09-07 04:11:31,059 [ERROR] Validation failed for content/news/2017/11/23_14-46_196339167_2934/index.md: Tags must contain 3 to 8 items. Response: {'categories': ['Объявления'], 'tags': ['рсоалания', 'владикавказ']}
2026-09-07 04:11:33,439 [ERROR] Validation failed for content/news/2017/11/23_14-49_196339167_2935/index.md: Tags must contain 3 to 8 items. Response: {'categories': ['Объявления'], 'tags': ['владикавказ', 'центрпласьическойхирургии']}
2026-09-07 04:11:36,192 [ERROR] Validation failed for content/news/2017/11/24_00-02_196339167_2936/index.md: Tags must contain 3 to 8 items. Response: {'categories': ['Новости'], 'tags': ['везачу аллаха декьалла', 'исмаил денильханов']}
2026-09-07 04:12:22,930 [ERROR] Validation failed for content/news/2017/11/24_22-54_196339167_2949/index.md: Tags must contain 3 to 8 items. Response: {'categories': ['Проекты'], 'tags': ['НакормиИСЛАМА']}
2026-09-07 04:12:46,545 [ERROR] Validation failed for content/news/2017/11/26_09-18_196339167_2956/index.md: Tags must contain 3 to 8 items. Response: {'categories': ['Новости'], 'tags': []}
2026-09-07 04:12:56,022 [ERROR] Validation failed for content/news/2017/11/27_20-38_196339167_2961/index.md: Tags must contain 3 to 8 items. Response: {'categories': ['Патриотическое воспитание'], 'tags': ['мовлид', 'пророк мухаммад']}
2026-09-07 04:12:57,724 [ERROR] Validation failed for content/news/2017/11/27_20-41_196339167_2962/index.md: Tags must contain 3 to 8 items. Response: {'categories': ['Патриотическое воспитание'], 'tags': ['мовлид', 'пророк мухаммад']}
2026-09-07 04:13:37,779 [ERROR] Validation failed for content/news/2017/11/29_22-17_196339167_2973/index.md: Tags must contain 3 to 8 items. Response: {'categories': ['Объявления'], 'tags': ['толькотакиникакиначе']}
2026-09-07 04:13:47,927 [ERROR] Validation failed for content/news/2017/11/30_08-32_196339167_2976/index.md: Tags must contain 3 to 8 items. Response: {'categories': ['Новости'], 'tags': ['мбоусош39', 'конкурсоучшейшколычр']}
2026-09-07 04:13:54,326 [ERROR] Validation failed for content/news/2017/11/30_10-19_196339167_2978/index.md: Tags must contain 3 to 8 items. Response: {'categories': ['Конкурсы'], 'tags': ['конкурс лучшая школа чр', 'мбоусош35']}
2026-09-07 04:16:38,168 [ERROR] Validation failed for content/news/2017/12/08_15-28_196339167_3016/index.md: Tags must contain 3 to 8 items. Response: {'categories': ['Новости'], 'tags': []}
2026-09-07 04:16:59,729 [ERROR] Validation failed for content/news/2017/12/09_06-37_196339167_3021/index.md: Tags must contain 3 to 8 items. Response: {'categories': ['Патриотическое воспитание', 'Новости'], 'tags': ['день героев отечества', 'оооофицерыроссиивчр']}
2026-09-07 04:17:01,834 [ERROR] Validation failed for content/news/2017/12/09_06-39_196339167_3022/index.md: Tags must contain 3 to 8 items. Response: {'categories': ['Патриотическое воспитание', 'Новости'], 'tags': ['день героев отечества', 'оооофицерыроссиивчр']}
2026-09-07 04:17:36,088 [ERROR] Validation failed for content/news/2017/12/09_22-22_196339167_3029/index.md: Tags must contain 3 to 8 items. Response: {'categories': ['Патриотическое воспитание', 'Новости'], 'tags': ['день героев отечества', 'оооофицерыроссиивчр']}
2026-09-07 04:19:18,813 [ERROR] Validation failed for content/news/2017/12/12_00-34_196339167_3051/index.md: Tags must contain 3 to 8 items. Response: {'categories': ['Форумы и съезды', 'Образование и обучение'], 'tags': ['II всероссийский форум студентов педагогических вузов', 'добровольческая деятельность']}
2026-09-07 04:19:29,875 [ERROR] Validation failed for content/news/2017/12/12_08-05_196339167_3054/index.md: Tags must contain 3 to 8 items. Response: {'categories': ['Новости'], 'tags': ['москва', 'круглый стол']}
2026-09-07 04:19:53,092 [ERROR] Validation failed for content/news/2017/12/12_14-07_196339167_3060/index.md: Tags must contain 3 to 8 items. Response: {'categories': ['Форумы и съезды', 'Образование и обучение'], 'tags': ['москва', 'государственнаядумарф', 'комитетподеламн', 'круглый стол', 'самореализация молодёжи северного кавказа', 'общественная палата чр', 'чроосоюзмолодежи', 'курбанов руслан', 'хуртаев кантемир']}
2026-09-07 04:20:15,983 [ERROR] Validation failed for content/news/2017/12/12_23-55_196339167_3065/index.md: Tags must contain 3 to 8 items. Response: {'categories': ['Новости'], 'tags': ['комментарии', 'наставник']}
2026-09-07 04:20:47,573 [ERROR] Validation failed for content/news/2017/12/13_22-14_196339167_3074/index.md: Tags must contain 3 to 8 items. Response: {'categories': ['Новости'], 'tags': ['вид с космоса']}
2026-09-07 04:21:22,255 [ERROR] Validation failed for content/news/2017/12/14_10-42_196339167_3082/index.md: Tags must contain 3 to 8 items. Response: {'categories': ['Новости'], 'tags': ['Дунаев Аслан', 'День рождения']}
2026-09-07 04:22:05,685 [ERROR] Validation failed for content/news/2017/12/15_05-32_196339167_3094/index.md: Tags must contain 3 to 8 items. Response: {'categories': ['Новости'], 'tags': ['москва', 'московская область']}
2026-09-07 04:23:02,087 [ERROR] Validation failed for content/news/2017/12/18_14-59_196339167_3109/index.md: Tags must contain 3 to 8 items. Response: {'categories': ['Новости'], 'tags': ['mila_berdnik', 'вызовпринят']}
2026-09-07 04:23:48,279 [ERROR] Validation failed for content/news/2017/12/23_10-32_196339167_3143/index.md: Tags must contain 3 to 8 items. Response: {'categories': ['Новости'], 'tags': ['выходные', 'праздник']}
2026-09-07 04:23:50,985 [ERROR] Validation failed for content/news/2017/12/23_10-45_196339167_3144/index.md: Tags must contain 3 to 8 items. Response: {'categories': ['Новости'], 'tags': ['сновымгодом', 'праздник']}
2026-09-07 04:25:19,090 [ERROR] Validation failed for content/news/2018/01/02_12-02_196339167_3168/index.md: Tags must contain 3 to 8 items. Response: {'categories': ['Интерактивные игры'], 'tags': ['козлы']}
2026-09-07 04:25:41,626 [ERROR] Validation failed for content/news/2018/01/19_06-40_196339167_3174/index.md: Categories must contain 1 or 2 items. Response: {'categories': [], 'tags': []}
2026-09-07 04:25:43,990 [ERROR] Validation failed for content/news/2018/01/20_06-24_196339167_3175/index.md: Tags must contain 3 to 8 items. Response: {'categories': ['Патриотическое воспитание'], 'tags': ['доброе утро страна', 'всех благ']}
2026-09-07 04:27:21,181 [ERROR] Validation failed for content/news/2018/02/18_20-54_196339167_3206/index.md: Tags must contain 3 to 8 items. Response: {'categories': ['Объявления'], 'tags': ['особые друзья']}
2026-09-07 04:28:12,640 [ERROR] Validation failed for content/news/2018/03/04_16-55_196339167_3218/index.md: Tags must contain 3 to 8 items. Response: {'categories': ['Мероприятия'], 'tags': ['грозныйсити']}
2026-09-07 04:28:52,903 [ERROR] Validation failed for content/news/2018/03/08_16-42_196339167_3228/index.md: Categories must contain 1 or 2 items. Response: {'categories': [], 'tags': []}
2026-09-07 04:28:54,686 [ERROR] Validation failed for content/news/2018/03/08_18-37_196339167_3229/index.md: Tags must contain 3 to 8 items. Response: {'categories': ['Патриотическое воспитание'], 'tags': ['дагестан']}
2026-09-07 04:29:33,114 [ERROR] Validation failed for content/news/2018/03/17_11-48_196339167_3241/index.md: Tags must contain 3 to 8 items. Response: {'categories': ['Новости'], 'tags': ['махачкала', 'всехблагвамдрузья']}
2026-09-07 04:29:40,358 [ERROR] Validation failed for content/news/2018/03/18_11-38_196339167_3243/index.md: Tags must contain 3 to 8 items. Response: {'categories': ['Патриотическое воспитание', 'Образование и обучение'], 'tags': ['подрастающее поколение']}
2026-09-07 04:29:58,378 [ERROR] Validation failed for content/news/2018/03/19_22-22_196339167_3247/index.md: Tags must contain 3 to 8 items. Response: {'categories': ['Новости'], 'tags': ['красная площадь', 'встреча друга']}
2026-09-07 04:30:33,589 [ERROR] Validation failed for content/news/2018/03/24_20-00_196339167_3256/index.md: Tags must contain 3 to 8 items. Response: {'categories': ['Новости'], 'tags': ['аллах', 'родственники']}
2026-09-07 04:30:52,616 [ERROR] Validation failed for content/news/2018/03/29_00-30_196339167_3261/index.md: Tags must contain 3 to 8 items. Response: {'categories': ['Новости'], 'tags': ['нихалоевские водопады', 'красота да и только']}
2026-09-07 04:31:09,812 [ERROR] Validation failed for content/news/2018/03/31_09-43_196339167_3265/index.md: Tags must contain 3 to 8 items. Response: {'categories': ['Новости'], 'tags': ['ortsaev_1996_']}
2026-09-07 04:31:58,174 [ERROR] Validation failed for content/news/2018/04/04_11-21_196339167_3275/index.md: Tag duplicates category. Response: {'categories': ['Патриотическое воспитание', 'Форумы и съезды'], 'tags': ['общественная палата чр', 'общественная палата опрессии', 'всероссийский форум', 'крепка семья - сильна россия', 'патриотическое воспитание', 'семейные ценности', 'традиции']}
2026-09-07 04:32:32,066 [ERROR] Validation failed for content/news/2018/04/16_12-50_196339167_3285/index.md: Tags must contain 3 to 8 items. Response: {'categories': ['Новости'], 'tags': ['magomedkhadzhimuradov', 'спорткаждыйдень']}
2026-09-07 04:32:57,344 [ERROR] Validation failed for content/news/2018/04/28_22-42_196339167_3291/index.md: Tags must contain 3 to 8 items. Response: {'categories': ['Мероприятия', 'Патриотическое воспитание'], 'tags': ['брейн-ринг', 'чеченская республика', 'интеллектуальный кавказ', 'грозный', 'школьная лига', 'наурский район', 'грозненский район', 'ножай-юртовский район', 'щелковской район']}
2026-09-07 04:33:07,973 [ERROR] Validation failed for content/news/2018/05/02_00-20_196339167_3294/index.md: Tags must contain 3 to 8 items. Response: {'categories': ['Новости'], 'tags': ['отдых']}
2026-09-07 04:35:16,240 [ERROR] Validation failed for content/news/2018/06/14_21-08_196339167_3331/index.md: Tags must contain 3 to 8 items. Response: {'categories': ['Патриотическое воспитание'], 'tags': ['рамадан', 'ислам']}
2026-09-07 04:36:00,891 [ERROR] Validation failed for content/news/2018/07/07_11-51_196339167_3345/index.md: Tags must contain 3 to 8 items. Response: {'categories': ['Новости'], 'tags': ['активных выходных']}
2026-09-07 04:36:56,683 [ERROR] Validation failed for content/news/2018/08/01_18-43_196339167_3359/index.md: Tags must contain 3 to 8 items. Response: {'categories': ['Объявления'], 'tags': ['ростов']}
2026-09-07 04:37:28,341 [ERROR] Validation failed for content/news/2018/08/19_06-02_196339167_3369/index.md: Tags must contain 3 to 8 items. Response: {'categories': ['Патриотическое воспитание'], 'tags': ['хадж2018', 'ibragimbazaew']}
2026-09-07 04:37:30,687 [ERROR] Validation failed for content/news/2018/08/19_12-31_196339167_3370/index.md: Tags must contain 3 to 8 items. Response: {'categories': ['Патриотическое воспитание'], 'tags': ['намаз']}
2026-09-07 04:37:43,339 [ERROR] Validation failed for content/news/2018/08/26_12-07_196339167_3374/index.md: Tags must contain 3 to 8 items. Response: {'categories': ['Образование и обучение'], 'tags': ['yuliavasiljeva', 'мастер-класс']}
2026-09-07 04:40:41,171 [ERROR] Validation failed for content/news/2018/11/01_00-12_196339167_3422/index.md: Tags must contain 3 to 8 items. Response: {'categories': ['Мероприятия', 'Патриотическое воспитание'], 'tags': ['спорт']}
2026-09-07 04:41:07,044 [ERROR] Validation failed for content/news/2018/11/03_17-17_196339167_3428/index.md: Tags must contain 3 to 8 items. Response: {'categories': ['Мероприятия'], 'tags': ['велопробег', 'велоспорт']}
2026-09-07 04:41:30,050 [ERROR] Validation failed for content/news/2018/11/08_07-55_196339167_3435/index.md: Tags must contain 3 to 8 items. Response: {'categories': ['Патриотическое воспитание'], 'tags': ['россия']}
2026-09-07 04:41:43,841 [ERROR] Validation failed for content/news/2018/11/10_11-06_196339167_3439/index.md: Tags must contain 3 to 8 items. Response: {'categories': ['Патриотическое воспитание'], 'tags': ['аллах', 'выходные']}
2026-09-07 04:42:09,655 [ERROR] Validation failed for content/news/2018/11/24_14-47_196339167_3447/index.md: Tags must contain 3 to 8 items. Response: {'categories': ['Волонтёрство', 'Мероприятия'], 'tags': ['субботник', 'активные выходные']}
2026-09-07 04:44:33,277 [ERROR] Validation failed for content/news/2019/01/03_20-22_196339167_3489/index.md: Tags must contain 3 to 8 items. Response: {'categories': ['Новости'], 'tags': ['сулейман-хаджи', 'мовлид']}
2026-09-07 04:44:34,979 [ERROR] Validation failed for content/news/2019/01/04_14-47_196339167_3490/index.md: Tags must contain 3 to 8 items. Response: {'categories': ['Мероприятия'], 'tags': ['спорт']}
2026-09-07 04:44:46,351 [ERROR] Validation failed for content/news/2019/01/08_10-42_196339167_3493/index.md: Tags must contain 3 to 8 items. Response: {'categories': ['Новости'], 'tags': ['зимние каникулы', 'подведение итогов']}
2026-09-07 04:46:22,694 [ERROR] Validation failed for content/news/2019/02/09_19-14_196339167_3521/index.md: Tags must contain 3 to 8 items. Response: {'categories': ['Новости'], 'tags': ['пятёрок', 'неделя']}
2026-09-07 04:46:53,609 [ERROR] Validation failed for content/news/2019/02/17_14-18_196339167_3530/index.md: Tags must contain 3 to 8 items. Response: {'categories': ['Новости'], 'tags': ['снег']}
2026-09-07 04:47:52,230 [ERROR] Validation failed for content/news/2019/03/15_00-29_196339167_3546/index.md: Tags must contain 3 to 8 items. Response: {'categories': ['Новости'], 'tags': ['дунаевмуса', 'linguistic_school95']}
2026-09-07 04:49:34,855 [ERROR] Validation failed for content/news/2019/04/11_09-45_196339167_3575/index.md: Duplicate tags. Response: {'categories': ['Новости'], 'tags': ['Катар', 'КАТАР', 'дунаевмуса']}
2026-09-07 04:50:43,064 [ERROR] Validation failed for content/news/2019/05/03_20-34_196339167_3593/index.md: Tags must contain 3 to 8 items. Response: {'categories': ['Патриотическое воспитание'], 'tags': ['карачаевский народ', 'дунаев муса']}
2026-09-07 04:51:01,379 [ERROR] Validation failed for content/news/2019/05/11_16-21_196339167_3597/index.md: Tags must contain 3 to 8 items. Response: {'categories': ['Патриотическое воспитание'], 'tags': ['аллах']}
2026-09-07 04:51:02,856 [ERROR] Validation failed for content/news/2019/05/12_13-37_196339167_3598/index.md: Categories must contain 1 or 2 items. Response: {'categories': [], 'tags': []}
2026-09-07 04:52:47,517 [ERROR] Validation failed for content/news/2019/06/19_17-01_196339167_3626/index.md: Tags must contain 3 to 8 items. Response: {'categories': ['Интерактивные игры'], 'tags': ['а где ваши']}
2026-09-07 04:54:27,781 [ERROR] Validation failed for content/news/2019/07/22_18-46_196339167_3658/index.md: Tags must contain 3 to 8 items. Response: {'categories': ['Патриотическое воспитание'], 'tags': ['хадж', 'ибрахим хадж']}
2026-09-07 04:54:41,820 [ERROR] Validation failed for content/news/2019/07/31_23-04_196339167_3663/index.md: Tags must contain 3 to 8 items. Response: {'categories': ['Новости', 'Международное сотрудничество'], 'tags': ['mirobilandia', 'italia']}
2026-09-07 04:54:46,329 [ERROR] Validation failed for content/news/2019/08/01_23-18_196339167_3665/index.md: Tags must contain 3 to 8 items. Response: {'categories': ['Новости'], 'tags': ['mirabilandia', 'italy']}
2026-09-07 04:54:47,719 [ERROR] Validation failed for content/news/2019/08/01_23-44_196339167_3666/index.md: Tags must contain 3 to 8 items. Response: {'categories': ['Новости'], 'tags': ['mirabilandia', 'italy']}
2026-09-07 04:54:54,058 [ERROR] Validation failed for content/news/2019/08/04_10-06_196339167_3668/index.md: Tags must contain 3 to 8 items. Response: {'categories': ['Объявления'], 'tags': ['rimini', 'italy']}
2026-09-07 04:54:56,710 [ERROR] Validation failed for content/news/2019/08/06_00-21_196339167_3671/index.md: Tags must contain 3 to 8 items. Response: {'categories': ['Новости'], 'tags': ['спорт']}
2026-09-07 04:56:48,302 [ERROR] Validation failed for content/news/2019/09/07_10-26_196339167_3700/index.md: Tags must contain 3 to 8 items. Response: {'categories': ['Новости'], 'tags': []}
2026-09-07 04:57:10,658 [ERROR] Validation failed for content/news/2019/09/17_23-36_196339167_3707/index.md: Tag duplicates category. Response: {'categories': ['Патриотическое воспитание', 'Волонтёрство'], 'tags': ['вахта памяти', 'терский рубеж - 2019', 'ингушетия', 'красная армия', 'юнармия', 'поисковое движение России', 'патриотическое воспитание']}
2026-09-07 04:59:09,505 [ERROR] Validation failed for content/news/2019/10/21_20-32_196339167_3731/index.md: Categories must contain 1 or 2 items. Response: {'categories': [], 'tags': []}
2026-09-07 05:03:01,546 [ERROR] Validation failed for content/news/2019/12/28_12-29_196339167_3796/index.md: Duplicate tags. Response: {'categories': ['Новости', 'Проекты'], 'tags': ['нацсовет', '2019 год', 'программы', 'проекты', 'НацСовет', 'Национальный совет молодёжных и детских объединений', 'ЧР', 'Чеченская Республика']}
2026-09-07 05:03:07,814 [ERROR] Validation failed for content/news/2020/01/04_22-28_196339167_3799/index.md: Categories must contain 1 or 2 items. Response: {'categories': [], 'tags': []}
2026-09-07 05:03:18,793 [ERROR] Validation failed for content/news/2020/01/12_03-55_196339167_3802/index.md: Duplicate tags. Response: {'categories': ['Новости', 'Международное сотрудничество'], 'tags': ['общественная палата чр', 'гайрбеков', 'денильханов', 'национальный совет молодёжных и детских объединений', 'общественная палата чр', 'министерство чр по национальной политике, внешним связям, печати и информации']}
2026-09-07 05:08:56,084 [ERROR] Validation failed for content/news/2020/03/30_23-54_196339167_3879/index.md: Tag duplicates category. Response: {'categories': ['Патриотическое воспитание', 'Новости'], 'tags': ['коронавирус', 'кадыров', 'республика', 'чечня', 'призыв2020', 'патриотическое воспитание']}
2026-09-07 05:09:37,079 [ERROR] Validation failed for content/news/2020/04/17_19-09_196339167_3887/index.md: Tags must contain 3 to 8 items. Response: {'categories': ['Новости'], 'tags': ['муса салавдиевич', 'друзья']}
2026-09-07 05:16:49,633 [ERROR] Validation failed for content/news/2020/08/18_10-00_196339167_3973/index.md: Tag duplicates category. Response: {'categories': ['Патриотическое воспитание', 'Мероприятия'], 'tags': ['Всероссийский молодёжный форум «Фартанга-2020»', 'Помнить, чтобы жить', 'патриотическое воспитание', 'исторической памяти', 'ВОВ', 'ЧИААСР']}
2026-09-07 05:17:36,516 [ERROR] Validation failed for content/news/2020/08/31_23-26_196339167_3982/index.md: Tag duplicates category. Response: {'categories': ['Патриотическое воспитание', 'Мероприятия'], 'tags': ['чемпионат чр по интеллектуальной игре', 'семинар', 'патриотическое воспитание', 'историческая память', 'межнациональные отношения', 'помнить чтобы жить', 'чриааср']}
2026-09-07 05:20:44,888 [ERROR] Validation failed for content/news/2020/10/09_16-13_196339167_4017/index.md: Categories must contain 1 or 2 items. Response: {'categories': [], 'tags': []}
2026-09-07 05:22:28,271 [ERROR] Validation failed for content/news/2020/11/01_12-28_196339167_4037/index.md: Tag duplicates category. Response: {'categories': ['Патриотическое воспитание', 'Объявления'], 'tags': ['анна дериземля', 'ветераны великой отечественной войны', 'рязанская область', '1942 год', '1944 год', 'патриотическое воспитание']}
2026-09-07 05:24:58,026 [ERROR] Validation failed for content/news/2020/12/06_06-00_196339167_4067/index.md: Tags must contain 3 to 8 items. Response: {'categories': ['Волонтёрство'], 'tags': ['благотворительный фонд "Даймохк"', 'день волонтеров']}
2026-09-07 05:28:07,087 [ERROR] Validation failed for content/news/2021/01/31_07-53_196339167_4109/index.md: Tags must contain 3 to 8 items. Response: {'categories': ['Патриотическое воспитание'], 'tags': ['россия', 'выходные']}
2026-09-07 05:32:26,751 [ERROR] Validation failed for content/news/2021/05/21_10-21_196339167_4160/index.md: Tags must contain 3 to 8 items. Response: {'categories': ['Мероприятия', 'Интерактивные игры'], 'tags': ['брэйн-ринг', 'грозный', 'студенческая лига', 'интеллектуальные игры', 'youthchr_nacsovet', 'chgu_official', 'chspu_official', 'ggntu_official', 'gudermes.pk']}
2026-09-07 05:35:24,226 [ERROR] Validation failed for content/news/2021/07/31_18-39_196339167_4196/index.md: Tags must contain 3 to 8 items. Response: {'categories': ['Новости', 'Волонтёрство'], 'tags': ['чемпионат по интеллектуальной игре', 'Что? Где? Когда?', 'волонтёры', 'Висаитова Седа', 'Дунаев Рахман', 'Юнаева Хава', 'Мизиев Дауд', 'Дунаев Рахим', 'Юнаев Муса', 'партнёры', 'спонсоры']}
2026-09-07 05:41:39,802 [ERROR] Validation failed for content/news/2022/02/01_00-36_196339167_4275/index.md: Tags must contain 3 to 8 items. Response: {'categories': ['Мероприятия', 'Новости'], 'tags': ['youtube', 'видео']}
2026-09-07 05:42:46,233 [ERROR] Validation failed for content/news/2022/02/25_17-22_196339167_4286/index.md: Tag duplicates category. Response: {'categories': ['Патриотическое воспитание', 'Мероприятия'], 'tags': ['патриотическое воспитание', 'интеллектуальная игра', 'гражданин', 'патриот', 'россия', 'история']}
2026-09-07 05:43:38,365 [ERROR] Validation failed for content/news/2022/03/17_10-59_196339167_4310/index.md: Tags must contain 3 to 8 items. Response: {'categories': ['Патриотическое воспитание'], 'tags': ['фашисты']}
2026-09-07 05:44:09,030 [ERROR] Validation failed for content/news/2022/03/21_22-45_196339167_4324/index.md: Tag duplicates category. Response: {'categories': ['Патриотическое воспитание', 'Международное сотрудничество'], 'tags': ['муфтия чеченской республики', 'салах хаджи межиев', 'международная исламская миссия', 'шафик хаджи пшихачев', 'национальный совет молодёжных и детских объединений', 'духовно-нравственное воспитание', 'патриотическое воспитание']}
2026-09-07 05:44:22,005 [ERROR] Validation failed for content/news/2022/03/23_23-45_196339167_4333/index.md: Tags must contain 3 to 8 items. Response: {'categories': ['Патриотическое воспитание'], 'tags': ['праздник']}
2026-09-07 05:44:55,092 [ERROR] Validation failed for content/news/2022/03/26_13-20_196339167_4345/index.md: Tags must contain 3 to 8 items. Response: {'categories': ['Интерактивные игры', 'Образование и обучение'], 'tags': ['интеллектуальный мир']}
2026-09-07 05:46:14,305 [ERROR] Validation failed for content/news/2022/04/01_19-19_196339167_4368/index.md: Tags must contain 3 to 8 items. Response: {'categories': ['Патриотическое воспитание'], 'tags': ['ислам', 'рамадан']}
2026-09-07 05:46:56,558 [ERROR] Validation failed for content/news/2022/04/05_23-15_196339167_4382/index.md: Tags must contain 3 to 8 items. Response: {'categories': ['Новости'], 'tags': ['рамзан кадыров', 'гкр']}
2026-09-07 05:47:10,514 [ERROR] Validation failed for content/news/2022/04/06_06-34_196339167_4386/index.md: Tags must contain 3 to 8 items. Response: {'categories': ['Патриотическое воспитание'], 'tags': ['чеченские герои', 'боевые ордена']}
2026-09-07 05:47:14,710 [ERROR] Validation failed for content/news/2022/04/06_13-51_196339167_4388/index.md: Tags must contain 3 to 8 items. Response: {'categories': ['Новости', 'Мероприятия'], 'tags': ['аэропорт', 'встреча', 'друг', 'мечеть', 'утро', 'грозный', 'маоонациональныйсовет', 'гражданскийкомитетроссии', 'дунаевмуса']}
2026-09-07 05:47:40,484 [ERROR] Validation failed for content/news/2022/04/10_01-06_196339167_4398/index.md: Tags must contain 3 to 8 items. Response: {'categories': ['Новости'], 'tags': ['везачу аллаха', 'ялсманаеца бекхама бойла хьуна', 'сайпуддин гучигов', 'обукосум эскирханов', 'рабу аздаева', 'миротворческий корпус народов кавказа', 'зулихан мустабаева', 'хава чадаева', 'хава салимова', 'артур шлыков']}
2026-09-07 05:47:56,487 [ERROR] Validation failed for content/news/2022/04/12_01-19_196339167_4421/index.md: Tags must contain 3 to 8 items. Response: {'categories': ['Новости', 'Патриотическое воспитание'], 'tags': ['чеченская республика', '100 лет чеченской государственности', 'гражданское общество', 'взаимодействие с общественными организациями', 'я чечня сегодня', 'магомед хамидович', 'дунаев муса салаудиевич', 'гучигов сайпуддин баудинович', 'ковраев муса супьянович']}
2026-09-07 05:49:45,035 [ERROR] Validation failed for content/news/2022/04/18_17-33_196339167_4464/index.md: Tag duplicates category. Response: {'categories': ['Проекты', 'Патриотическое воспитание'], 'tags': ['национальный совет молодёжных и детских объединений', 'помнить, чтобы жить', 'фадм', 'росмолодежь', 'ВОВ', 'грозный', 'патриотическое воспитание']}
2026-09-07 05:49:49,506 [ERROR] Validation failed for content/news/2022/04/18_17-39_196339167_4465/index.md: Tag duplicates category. Response: {'categories': ['Проекты', 'Патриотическое воспитание'], 'tags': ['национальный совет молодёжных и детских объединений', 'помнить, чтобы жить', 'фадм', 'росмолодежь', 'ВОВ', 'грозный', 'патриотическое воспитание']}
2026-09-07 05:49:54,022 [ERROR] Validation failed for content/news/2022/04/18_20-10_196339167_4466/index.md: Tag duplicates category. Response: {'categories': ['Проекты', 'Патриотическое воспитание'], 'tags': ['национальный совет молодёжных и детских объединений', 'помнить, чтобы жить', 'фадм', 'росмолодежь', 'сош 47 г. грозный', 'вов', 'патриотическое воспитание']}
2026-09-07 05:50:07,607 [ERROR] Validation failed for content/news/2022/04/19_17-43_196339167_4474/index.md: Tag duplicates category. Response: {'categories': ['Проекты', 'Патриотическое воспитание'], 'tags': ['межрегиональная ассоциация общественных объединений «национальный совет молодёжных и детских объединений»', 'помнить, чтобы жить!', 'федеральное агентство по делам молодёжи', 'росмолодежь', 'министерство чр по делам молодёжи', 'сош 11 г. шали', 'патриотическое воспитание']}
2026-09-07 05:50:28,280 [ERROR] Validation failed for content/news/2022/04/19_18-41_196339167_4479/index.md: Tags must contain 3 to 8 items. Response: {'categories': ['Мероприятия', 'Проекты'], 'tags': ['национальный совет молодёжных и детских объединений', 'миц скфо', 'фонд президентских грантов', 'интеллектуальный кавказ', 'чгк', 'брэйнринг', 'свояигра', 'хамса', 'шахматы']}
2026-09-07 05:51:05,667 [ERROR] Validation failed for content/news/2022/04/20_23-01_196339167_4493/index.md: Categories must contain 1 or 2 items. Response: {'categories': [], 'tags': []}
2026-09-07 05:55:17,448 [ERROR] Validation failed for content/news/2022/05/05_09-48_196339167_4594/index.md: Tags must contain 3 to 8 items. Response: {'categories': ['Мероприятия'], 'tags': ['интеллектуально-физический мир']}
2026-09-07 05:55:54,622 [ERROR] Validation failed for content/news/2022/05/09_19-21_196339167_4617/index.md: Duplicate categories. Response: {'categories': ['Патриотическое воспитание', 'Патриотическое воспитание'], 'tags': ['день великой победы', 'ветераны великой отечественной войны', '9 май', 'россия', 'бессмертный полк', 'герои']}
2026-09-07 06:03:08,263 [ERROR] Validation failed for content/news/2022/05/26_12-19_196339167_4762/index.md: Tags must contain 3 to 8 items. Response: {'categories': ['Интерактивные игры', 'Патриотическое воспитание'], 'tags': ['россия', 'минмолодежичр', 'мининформчр', '100летчеченскойгосударственности', 'тропамипредков', 'поисковикичр', 'роофицерыроссиивчр', 'гражданскийкомитетроссии', 'маоонациональныйсовет', 'дунаевмуса']}
2026-09-07 06:03:11,015 [ERROR] Validation failed for content/news/2022/05/26_16-23_196339167_4763/index.md: Tags must contain 3 to 8 items. Response: {'categories': ['Мероприятия', 'Патриотическое воспитание'], 'tags': ['последний звонок-2022', 'россия']}
2026-09-07 06:04:29,374 [ERROR] Validation failed for content/news/2022/05/31_21-22_196339167_4785/index.md: Categories must contain 1 or 2 items. Response: {'categories': [], 'tags': []}
2026-09-07 06:05:41,033 [ERROR] Validation failed for content/news/2022/06/08_14-17_196339167_4818/index.md: Tags must contain 3 to 8 items. Response: {'categories': ['Новости'], 'tags': ['телепроект', 'Пять знатоков']}
2026-09-07 06:06:24,442 [ERROR] Validation failed for content/news/2022/06/14_01-19_196339167_4832/index.md: Tags must contain 3 to 8 items. Response: {'categories': ['Новости'], 'tags': ['ぶりりк хорошая', '2022-06-16']}
2026-09-07 06:06:48,035 [ERROR] Validation failed for content/news/2022/06/16_22-05_196339167_4841/index.md: Tags must contain 3 to 8 items. Response: {'categories': ['Образование и обучение', 'Мероприятия'], 'tags': ['детки']}
2026-09-07 06:06:49,745 [ERROR] Validation failed for content/news/2022/06/16_22-32_196339167_4842/index.md: Tags must contain 3 to 8 items. Response: {'categories': ['Новости'], 'tags': ['друг семьи']}
2026-09-07 06:07:15,800 [ERROR] Validation failed for content/news/2022/06/20_00-12_196339167_4856/index.md: Tags must contain 3 to 8 items. Response: {'categories': ['Новости'], 'tags': ['опыт', 'редискам']}
2026-09-07 06:07:37,617 [ERROR] Validation failed for content/news/2022/06/20_23-44_196339167_4863/index.md: Tags must contain 3 to 8 items. Response: {'categories': ['Образование и обучение', 'Патриотическое воспитание'], 'tags': ['сила интеллекта']}
2026-09-07 06:08:11,288 [ERROR] Validation failed for content/news/2022/06/22_18-18_196339167_4870/index.md: Tags must contain 3 to 8 items. Response: {'categories': ['Мероприятия', 'Патриотическое воспитание'], 'tags': ['хаар time', 'чеченская республика', 'маоо национальный совет', 'чгтрк «грозный»', 'интеллектуальные игры', 'аламахад ельсаев', 'иса хаджимурадов', 'вапред тулаев', 'ахмед дудаев']}
2026-09-07 06:09:18,061 [ERROR] Validation failed for content/news/2022/06/29_19-13_196339167_4897/index.md: Tags must contain 3 to 8 items. Response: {'categories': ['Новости'], 'tags': ['гражданский комитет россии', 'гкр', 'артур шлыков', 'генеральный совет', 'экспертный совет', 'теимураз гурешидзе', 'муса дунаев', 'алексей жураковский', 'владимир корнев', 'алексей тодоренко']}
2026-09-07 06:09:40,131 [ERROR] Validation failed for content/news/2022/07/02_22-16_196339167_4906/index.md: Tags must contain 3 to 8 items. Response: {'categories': ['Новости'], 'tags': ['друзья', 'еда']}
2026-09-07 06:09:43,299 [ERROR] Validation failed for content/news/2022/07/03_10-18_196339167_4912/index.md: Tag duplicates category. Response: {'categories': ['Патриотическое воспитание', 'Образование и обучение'], 'tags': ['общественная организация "наш дом"', 'грозный', 'гражданский комитет России по национальным вопросам', 'патриотическое воспитание', 'северо кавказский федеральный округ']}
2026-09-07 06:10:32,359 [ERROR] Validation failed for content/news/2022/07/11_19-34_196339167_4968/index.md: Tags must contain 3 to 8 items. Response: {'categories': ['Новости', 'Мероприятия'], 'tags': ['youtube', 'видео']}
2026-09-07 06:12:53,977 [ERROR] Validation failed for content/news/2022/07/29_08-09_196339167_5051/index.md: Tags must contain 3 to 8 items. Response: {'categories': ['Новости'], 'tags': ['дубай', 'море']}
2026-09-07 06:13:00,757 [ERROR] Validation failed for content/news/2022/07/30_12-37_196339167_5058/index.md: Categories must contain 1 or 2 items. Response: {'categories': [], 'tags': []}
2026-09-07 06:13:02,161 [ERROR] Validation failed for content/news/2022/07/30_21-42_196339167_5059/index.md: Tags must contain 3 to 8 items. Response: {'categories': ['Новости'], 'tags': ['дубай']}
2026-09-07 06:13:07,869 [ERROR] Validation failed for content/news/2022/08/02_10-42_196339167_5067/index.md: Tags must contain 3 to 8 items. Response: {'categories': ['Новости'], 'tags': ['дубай']}
2026-09-07 06:13:17,588 [ERROR] Validation failed for content/news/2022/08/03_02-54_196339167_5073/index.md: Tags must contain 3 to 8 items. Response: {'categories': ['Объявления'], 'tags': ['доброе утро страна']}
2026-09-07 06:13:19,228 [ERROR] Validation failed for content/news/2022/08/05_01-06_196339167_5075/index.md: Tags must contain 3 to 8 items. Response: {'categories': ['Новости'], 'tags': []}
2026-09-07 06:14:01,973 [ERROR] Validation failed for content/news/2022/08/15_00-35_196339167_5093/index.md: Tags must contain 3 to 8 items. Response: {'categories': ['Интерактивные игры'], 'tags': ['интеллект']}
2026-09-07 06:15:19,800 [ERROR] Validation failed for content/news/2022/09/03_10-30_196339167_5139/index.md: Tags must contain 3 to 8 items. Response: {'categories': ['Новости'], 'tags': ['михаил костыль']}
2026-09-07 06:15:25,051 [ERROR] Validation failed for content/news/2022/09/04_19-22_196339167_5141/index.md: Duplicate tags. Response: {'categories': ['Новости', 'Патриотическое воспитание'], 'tags': ['чеченская республика', 'галанчожский район', 'природа', 'путешествия', 'чеченская республика', 'админчр']}
2026-09-07 06:15:31,566 [ERROR] Validation failed for content/news/2022/09/04_22-19_196339167_5145/index.md: Duplicate tags. Response: {'categories': ['Патриотическое воспитание', 'Новости'], 'tags': ['чеченская республика', 'галанчожский район', 'природа', 'путешествия', 'чеченская республика', 'админчр', 'минмолодежичр']}
2026-09-07 06:15:34,261 [ERROR] Validation failed for content/news/2022/09/05_00-00_196339167_5147/index.md: Tags must contain 3 to 8 items. Response: {'categories': ['Новости'], 'tags': ['галанчожский район', 'виды']}
2026-09-07 06:15:44,199 [ERROR] Validation failed for content/news/2022/09/06_20-32_196339167_5155/index.md: Tags must contain 3 to 8 items. Response: {'categories': ['Объявления'], 'tags': []}
2026-09-07 06:15:46,290 [ERROR] Validation failed for content/news/2022/09/07_00-29_196339167_5159/index.md: Tags must contain 3 to 8 items. Response: {'categories': ['Новости'], 'tags': ['хамзат закриев', 'хадж']}
2026-09-07 06:15:58,873 [ERROR] Validation failed for content/news/2022/09/08_11-12_196339167_5165/index.md: Categories must contain 1 or 2 items. Response: {'categories': [], 'tags': []}
2026-09-07 06:16:04,601 [ERROR] Validation failed for content/news/2022/09/09_23-27_196339167_5169/index.md: Tags must contain 3 to 8 items. Response: {'categories': ['Новости'], 'tags': ['республика дагестан']}
2026-09-07 06:16:27,338 [ERROR] Validation failed for content/news/2022/09/11_14-36_196339167_5186/index.md: Tags must contain 3 to 8 items. Response: {'categories': ['Образование и обучение'], 'tags': ['мастер-класс', 'алексей блиноваэ']}
2026-09-07 06:16:58,851 [ERROR] Validation failed for content/news/2022/09/18_21-31_196339167_5207/index.md: Tags must contain 3 to 8 items. Response: {'categories': ['Объявления'], 'tags': ['тимур алиев', 'день рождения']}
2026-09-07 06:17:48,038 [ERROR] Validation failed for content/news/2022/09/26_05-41_196339167_5226/index.md: Tags must contain 3 to 8 items. Response: {'categories': ['Новости'], 'tags': ['доброе утро страна', '🇷🇺']}
2026-09-07 06:18:36,535 [ERROR] Validation failed for content/news/2022/09/29_19-36_196339167_5245/index.md: Tags must contain 3 to 8 items. Response: {'categories': ['Объявления'], 'tags': ['иса хаджимурадавов', 'день рождения']}
2026-09-07 06:19:36,752 [ERROR] Validation failed for content/news/2022/10/03_19-21_196339167_5270/index.md: Tags must contain 3 to 8 items. Response: {'categories': ['Мероприятия', 'Патриотическое воспитание'], 'tags': ['03 октября 2022 года', 'Интеллект', 'СКФО', 'Музаев С.', 'Дунаева Л.', 'СОШ 7', 'Аргун', 'Помнить, чтобы жить', 'Что? Где? Когда?']}
2026-09-07 06:20:35,676 [ERROR] Validation failed for content/news/2022/10/08_20-22_196339167_5292/index.md: Tags must contain 3 to 8 items. Response: {'categories': ['Объявления'], 'tags': ['день рождения', 'муса хататаева']}
2026-09-07 06:20:38,921 [ERROR] Validation failed for content/news/2022/10/09_10-38_196339167_5294/index.md: Tag duplicates category. Response: {'categories': ['Патриотическое воспитание'], 'tags': ['Муса', 'день рождения', 'патриотическое воспитание', 'молодёжь', 'общественная деятельность']}
2026-09-07 06:21:48,178 [ERROR] Validation failed for content/news/2022/10/19_16-47_196339167_5324/index.md: Tags must contain 3 to 8 items. Response: {'categories': ['Образование и обучение'], 'tags': ['интеллект']}
2026-09-07 06:22:30,366 [ERROR] Validation failed for content/news/2022/10/22_11-08_196339167_5349/index.md: Tag duplicates category. Response: {'categories': ['Патриотическое воспитание', 'Образование и обучение'], 'tags': ['патриотическое воспитание', 'молодёжи', 'россия', 'грозный', 'гучигов сайпуддин', 'админчр', 'правительствочр']}
2026-09-07 06:22:39,872 [ERROR] Validation failed for content/news/2022/10/23_09-09_196339167_5352/index.md: Tags must contain 3 to 8 items. Response: {'categories': ['Интерактивные игры'], 'tags': ['россия', 'интеллектуальные игры']}
2026-09-07 06:22:44,494 [ERROR] Validation failed for content/news/2022/10/24_16-33_196339167_5358/index.md: Categories must contain 1 or 2 items. Response: {'categories': [], 'tags': []}
2026-09-07 06:23:31,375 [ERROR] Validation failed for content/news/2022/10/28_00-26_196339167_5384/index.md: Tag duplicates category. Response: {'categories': ['Патриотическое воспитание', 'Образование и обучение'], 'tags': ['патриотическое воспитание', 'молодёжи', 'россия', 'грозный', 'чроо «наш дом -город грозный»', 'гучигов сайпуддин']}
2026-09-07 06:25:27,373 [ERROR] Validation failed for content/news/2022/11/12_09-19_196339167_5459/index.md: Tags must contain 3 to 8 items. Response: {'categories': ['Объявления'], 'tags': ['dunaevmusa']}
2026-09-07 06:25:55,591 [ERROR] Validation failed for content/news/2022/11/15_18-57_196339167_5474/index.md: Tags must contain 3 to 8 items. Response: {'categories': ['Патриотическое воспитание', 'Образование и обучение'], 'tags': ['спорт']}
2026-09-07 06:26:27,610 [ERROR] Validation failed for content/news/2022/11/23_14-07_196339167_5498/index.md: Tags must contain 3 to 8 items. Response: {'categories': ['Интерактивные игры'], 'tags': ['интеллектуальные игры', 'игра']}
2026-09-07 06:26:36,205 [ERROR] Validation failed for content/news/2022/11/25_10-45_196339167_5506/index.md: Tags must contain 3 to 8 items. Response: {'categories': ['Образование и обучение'], 'tags': ['михаил костыль']}
2026-09-07 06:28:33,799 [ERROR] Validation failed for content/news/2022/12/07_12-24_196339167_5577/index.md: Tags must contain 3 to 8 items. Response: {'categories': ['Новости', 'Образование и обучение'], 'tags': ['ЧГПУ', 'студенческая осень']}
2026-09-07 06:30:17,672 [ERROR] Validation failed for content/news/2022/12/17_06-50_196339167_5662/index.md: Tags must contain 3 to 8 items. Response: {'categories': ['Образование и обучение'], 'tags': ['интеллект']}
2026-09-07 06:30:56,854 [ERROR] Validation failed for content/news/2022/12/21_01-13_196339167_5695/index.md: Tags must contain 3 to 8 items. Response: {'categories': ['Новости'], 'tags': ['маоо «национальный совет»']}
2026-09-07 06:31:27,314 [ERROR] Validation failed for content/news/2022/12/23_21-25_196339167_5723/index.md: Tags must contain 3 to 8 items. Response: {'categories': ['Образование и обучение'], 'tags': ['интеллект']}
2026-09-07 06:31:28,905 [ERROR] Validation failed for content/news/2022/12/24_01-40_196339167_5729/index.md: Tags must contain 3 to 8 items. Response: {'categories': ['Образование и обучение'], 'tags': ['интеллект']}
2026-09-07 06:32:03,182 [ERROR] Validation failed for content/news/2022/12/26_11-07_196339167_5772/index.md: Tags must contain 3 to 8 items. Response: {'categories': ['Интерактивные игры'], 'tags': ['интеллектуальные игры']}
2026-09-07 06:33:32,238 [ERROR] Validation failed for content/news/2023/01/09_16-05_196339167_5870/index.md: Duplicate tags. Response: {'categories': ['Патриотическое воспитание'], 'tags': ['красноярск', 'семья смирновых', 'нихалоевские водопады', 'красноярск', 'студенческий отряд']}
2026-09-07 06:34:16,182 [ERROR] Validation failed for content/news/2023/01/17_23-17_196339167_5898/index.md: Categories must contain 1 or 2 items. Response: {'categories': ['Новости', 'Образование и обучение', 'Патриотическое воспитание'], 'tags': ['интеллектуальная россия', 'ассоциация общественных объединений', 'учредительное заседание', 'интеллектуальные игры', 'образование', 'молодежь']}
2026-09-07 06:34:23,539 [ERROR] Validation failed for content/news/2023/01/18_15-20_196339167_5901/index.md: Tags must contain 3 to 8 items. Response: {'categories': ['Мероприятия', 'Образование и обучение'], 'tags': ['администрация главы и правительства чр', 'интеллектуальное движение', 'чемпионаты чр', 'чгк', 'бр', 'си', 'хамса', 'чеченский язык', 'ассоциация общественных объединений «интеллектуальная россия»']}
2026-09-07 06:35:09,652 [ERROR] Validation failed for content/news/2023/01/30_06-09_196339167_5945/index.md: Tags must contain 3 to 8 items. Response: {'categories': ['Патриотическое воспитание'], 'tags': ['россия', 'доброе утро']}
2026-09-07 06:36:58,365 [ERROR] Validation failed for content/news/2023/02/20_13-50_196339167_6043/index.md: Tags must contain 3 to 8 items. Response: {'categories': ['Патриотическое воспитание'], 'tags': ['ТропамиПредков']}
2026-09-07 06:37:27,157 [ERROR] Validation failed for content/news/2023/02/23_21-47_196339167_6063/index.md: Tags must contain 3 to 8 items. Response: {'categories': ['Патриотическое воспитание'], 'tags': ['день защитника отечества']}
2026-09-07 06:39:04,838 [ERROR] Validation failed for content/news/2023/03/05_20-51_196339167_6136/index.md: Tags must contain 3 to 8 items. Response: {'categories': ['Патриотическое воспитание', 'Мероприятия'], 'tags': ['тропамипредков', 'экспедиция']}
2026-09-07 06:40:08,184 [ERROR] Validation failed for content/news/2023/03/12_21-49_196339167_6177/index.md: Tags must contain 3 to 8 items. Response: {'categories': ['Волонтёрство'], 'tags': ['интеллектуальные игры', 'волонтёры']}
2026-09-07 06:40:46,543 [ERROR] Validation failed for content/news/2023/03/19_23-42_196339167_6199/index.md: Tags must contain 3 to 8 items. Response: {'categories': ['Интерактивные игры'], 'tags': ['интеллектуальные игры', 'игра']}
2026-09-07 06:42:59,582 [ERROR] Validation failed for content/news/2023/04/03_01-21_196339167_6290/index.md: Tags must contain 3 to 8 items. Response: {'categories': ['Новости'], 'tags': ['мбоу «сош 39»', 'грозный']}
2026-09-07 06:43:26,469 [ERROR] Validation failed for content/news/2023/04/07_14-13_196339167_6297/index.md: Categories must contain 1 or 2 items. Response: {'categories': [], 'tags': []}
2026-09-07 06:44:29,582 [ERROR] Validation failed for content/news/2023/04/14_15-00_196339167_6345/index.md: Tags must contain 3 to 8 items. Response: {'categories': ['Новости'], 'tags': ['г. Шали', 'рукотворное чудо']}
2026-09-07 06:44:43,062 [ERROR] Validation failed for content/news/2023/04/15_13-58_196339167_6355/index.md: Categories must contain 1 or 2 items. Response: {'categories': [], 'tags': []}
2026-09-07 06:45:06,167 [ERROR] Validation failed for content/news/2023/04/17_21-56_196339167_6368/index.md: Tags must contain 3 to 8 items. Response: {'categories': ['Новости'], 'tags': ['друзья', 'благодарность']}
2026-09-07 06:45:07,510 [ERROR] Validation failed for content/news/2023/04/17_23-38_196339167_6371/index.md: Categories must contain 1 or 2 items. Response: {'categories': [], 'tags': []}
2026-09-07 06:45:30,410 [ERROR] Validation failed for content/news/2023/04/21_22-07_196339167_6396/index.md: Categories must contain 1 or 2 items. Response: {'categories': [], 'tags': []}
2026-09-07 06:45:32,849 [ERROR] Validation failed for content/news/2023/04/23_04-46_196339167_6398/index.md: Tags must contain 3 to 8 items. Response: {'categories': ['Патриотическое воспитание'], 'tags': ['россия', 'доброе утро страна']}
2026-09-07 06:45:35,357 [ERROR] Validation failed for content/news/2023/04/23_14-23_196339167_6401/index.md: Tags must contain 3 to 8 items. Response: {'categories': ['Международное сотрудничество'], 'tags': ['айя софия', 'стамбул']}
2026-09-07 06:45:43,556 [ERROR] Validation failed for content/news/2023/04/24_22-38_196339167_6411/index.md: Tags must contain 3 to 8 items. Response: {'categories': ['Патриотическое воспитание'], 'tags': ['создатель']}
2026-09-07 06:46:16,299 [ERROR] Validation failed for content/news/2023/04/29_13-25_196339167_6434/index.md: Tags must contain 3 to 8 items. Response: {'categories': ['Интерактивные игры'], 'tags': ['интеллектуальные игры']}
2026-09-07 06:46:38,482 [ERROR] Validation failed for content/news/2023/05/01_18-39_196339167_6447/index.md: Tags must contain 3 to 8 items. Response: {'categories': ['Интерактивные игры'], 'tags': ['высшая лига', 'инт']}
2026-09-07 06:48:29,345 [ERROR] Validation failed for content/news/2023/05/17_10-22_196339167_6521/index.md: Tags must contain 3 to 8 items. Response: {'categories': ['Интерактивные игры'], 'tags': ['хаархьам', 'интеллект']}
2026-09-07 06:48:31,264 [ERROR] Validation failed for content/news/2023/05/17_17-30_196339167_6523/index.md: Tags must contain 3 to 8 items. Response: {'categories': ['Мероприятия'], 'tags': ['Хаархьам', 'Ножай-Юртовский муниципальный район']}
2026-09-07 06:48:33,039 [ERROR] Validation failed for content/news/2023/05/17_19-45_196339167_6524/index.md: Tags must contain 3 to 8 items. Response: {'categories': ['Мероприятия'], 'tags': ['хаархьам', 'ножай-юртовский муниципальный район']}
2026-09-07 06:48:41,502 [ERROR] Validation failed for content/news/2023/05/18_10-00_196339167_6531/index.md: Categories must contain 1 or 2 items. Response: {'categories': [], 'tags': []}
2026-09-07 06:49:52,449 [ERROR] Validation failed for content/news/2023/05/24_15-11_196339167_6561/index.md: Categories must contain 1 or 2 items. Response: {'categories': [], 'tags': []}
2026-09-07 06:49:59,742 [ERROR] Validation failed for content/news/2023/05/25_11-10_196339167_6564/index.md: Tags must contain 3 to 8 items. Response: {'categories': ['Новости'], 'tags': ['общественная палата чр', 'гайрабеков ш.']}
2026-09-07 06:50:18,954 [ERROR] Validation failed for content/news/2023/05/27_19-31_196339167_6579/index.md: Tags must contain 3 to 8 items. Response: {'categories': ['Мероприятия'], 'tags': ['национальная библиотека чр', 'библилночь - 2023']}
2026-09-07 06:50:44,715 [ERROR] Validation failed for content/news/2023/05/30_11-33_196339167_6595/index.md: Tags must contain 3 to 8 items. Response: {'categories': ['Объявления'], 'tags': []}
2026-09-07 06:51:24,169 [ERROR] Validation failed for content/news/2023/06/04_13-50_196339167_6613/index.md: Tags must contain 3 to 8 items. Response: {'categories': ['Мероприятия'], 'tags': ['форум']}
2026-09-07 06:51:26,770 [ERROR] Validation failed for content/news/2023/06/04_15-06_196339167_6614/index.md: Tags must contain 3 to 8 items. Response: {'categories': ['Мероприятия', 'Форумы и съезды'], 'tags': ['межрегиональный интеллектуальный молодёжный форум', 'Хасавюрт — Лига знаний']}
2026-09-07 06:52:20,909 [ERROR] Validation failed for content/news/2023/06/13_13-11_196339167_6644/index.md: Tags must contain 3 to 8 items. Response: {'categories': ['Патриотическое воспитание'], 'tags': ['спорт']}
2026-09-07 06:52:59,844 [ERROR] Validation failed for content/news/2023/06/26_03-37_196339167_6668/index.md: Tags must contain 3 to 8 items. Response: {'categories': ['Патриотическое воспитание'], 'tags': ['россия']}
2026-09-07 06:53:34,971 [ERROR] Validation failed for content/news/2023/06/28_20-08_196339167_6684/index.md: Tags must contain 3 to 8 items. Response: {'categories': ['Патриотическое воспитание'], 'tags': ['праздник мусульман', 'семья']}
2026-09-07 06:53:37,358 [ERROR] Validation failed for content/news/2023/06/28_22-50_196339167_6686/index.md: Tags must contain 3 to 8 items. Response: {'categories': ['Новости'], 'tags': ['шашлык-машлык']}
2026-09-07 06:54:05,648 [ERROR] Validation failed for content/news/2023/07/01_08-00_196339167_6701/index.md: Tags must contain 3 to 8 items. Response: {'categories': ['Патриотическое воспитание'], 'tags': ['россия', 'интеллект']}
2026-09-07 06:54:11,364 [ERROR] Validation failed for content/news/2023/07/01_15-19_196339167_6705/index.md: Tags must contain 3 to 8 items. Response: {'categories': ['Интерактивные игры'], 'tags': ['интеллектуалы', 'игры']}
2026-09-07 06:55:46,819 [ERROR] Validation failed for content/news/2023/07/10_22-36_196339167_6745/index.md: Tags must contain 3 to 8 items. Response: {'categories': ['Интерактивные игры'], 'tags': ['комментарии', 'абдулмадид лулуев']}
2026-09-07 06:56:07,010 [ERROR] Validation failed for content/news/2023/07/11_22-54_196339167_6753/index.md: Tag duplicates category. Response: {'categories': ['Патриотическое воспитание', 'Новости'], 'tags': ['гучигов сайпуддин', 'союз молодёжи', 'чеченская региональная общественная организация', 'патриотическое воспитание', 'межнациональное отношение', 'межконфессиональное отношение', 'грозный']}
2026-09-07 06:56:19,264 [ERROR] Validation failed for content/news/2023/07/12_18-58_196339167_6760/index.md: Tags must contain 3 to 8 items. Response: {'categories': ['Новости'], 'tags': ['межрегиональная ассоциация общественных объединений', 'министр Исе Ибрагимов']}
2026-09-07 06:56:51,252 [ERROR] Validation failed for content/news/2023/07/24_11-19_196339167_6808/index.md: Tags must contain 3 to 8 items. Response: {'categories': ['Патриотическое воспитание'], 'tags': ['россия']}
2026-09-07 06:57:09,284 [ERROR] Validation failed for content/news/2023/07/29_14-16_196339167_6817/index.md: Tags must contain 3 to 8 items. Response: {'categories': ['Интерактивные игры'], 'tags': ['интеллект']}
2026-09-07 06:58:33,145 [ERROR] Validation failed for content/news/2023/08/14_21-33_196339167_6876/index.md: Tags must contain 3 to 8 items. Response: {'categories': ['Образование и обучение', 'Интерактивные игры'], 'tags': ['спорт', 'интеллектуальные игры']}
2026-09-07 06:59:06,325 [ERROR] Validation failed for content/news/2023/08/18_19-43_196339167_6898/index.md: Categories must contain 1 or 2 items. Response: {'categories': [], 'tags': []}
2026-09-07 06:59:07,312 [ERROR] Validation failed for content/news/2023/08/18_20-55_196339167_6899/index.md: Tags must contain 3 to 8 items. Response: {'categories': ['Объявления'], 'tags': ['жанна бориева', 'муса']}
2026-09-07 06:59:13,485 [ERROR] Validation failed for content/news/2023/08/19_04-44_196339167_6901/index.md: Tags must contain 3 to 8 items. Response: {'categories': ['Новости'], 'tags': ['сборная СКФО']}
2026-09-07 06:59:52,832 [ERROR] Validation failed for content/news/2023/08/21_00-41_196339167_6913/index.md: Tags must contain 3 to 8 items. Response: {'categories': ['Образование и обучение'], 'tags': ['интеллект']}
2026-09-07 07:00:10,982 [ERROR] Validation failed for content/news/2023/08/23_21-38_196339167_6920/index.md: Tags must contain 3 to 8 items. Response: {'categories': ['Новости'], 'tags': ['удивили']}
2026-09-07 07:01:20,023 [ERROR] Validation failed for content/news/2023/09/05_08-54_196339167_6937/index.md: Tags must contain 3 to 8 items. Response: {'categories': ['Патриотическое воспитание'], 'tags': ['россия']}
2026-09-07 07:01:25,426 [ERROR] Validation failed for content/news/2023/09/06_09-07_196339167_6940/index.md: Tags must contain 3 to 8 items. Response: {'categories': ['Патриотическое воспитание'], 'tags': ['день гражданского согласия', 'день чеченской республики']}
2026-09-07 07:04:31,014 [ERROR] Validation failed for content/news/2023/10/09_10-21_196339167_7018/index.md: Tags must contain 3 to 8 items. Response: {'categories': ['Объявления'], 'tags': ['муса', 'день рождения']}
2026-09-07 07:05:15,253 [ERROR] Validation failed for content/news/2023/10/12_09-42_196339167_7037/index.md: Tags must contain 3 to 8 items. Response: {'categories': ['Патриотическое воспитание'], 'tags': ['россия', 'грандпаркгрозный']}
2026-09-07 07:05:22,039 [ERROR] Validation failed for content/news/2023/10/14_19-02_196339167_7040/index.md: Tags must contain 3 to 8 items. Response: {'categories': ['Форумы и съезды', 'Образование и обучение'], 'tags': ['межрегиональный форум', 'горы от ума']}
2026-09-07 07:05:25,192 [ERROR] Validation failed for content/news/2023/10/15_11-56_196339167_7043/index.md: Tags must contain 3 to 8 items. Response: {'categories': ['Форумы и съезды', 'Образование и обучение'], 'tags': ['межрегиональный интеллектуальный форум', 'горы от ума']}
2026-09-07 07:05:31,485 [ERROR] Validation failed for content/news/2023/10/15_12-05_196339167_7045/index.md: Tags must contain 3 to 8 items. Response: {'categories': ['Форумы и съезды', 'Образование и обучение'], 'tags': ['межрегиональный форум', 'горы от ума']}
2026-09-07 07:06:40,962 [ERROR] Validation failed for content/news/2023/10/28_17-18_196339167_7084/index.md: Tags must contain 3 to 8 items. Response: {'categories': ['Интерактивные игры'], 'tags': ['интеллект']}
2026-09-07 07:07:22,917 [ERROR] Validation failed for content/news/2023/10/29_19-24_196339167_7096/index.md: Tags must contain 3 to 8 items. Response: {'categories': ['Интерактивные игры'], 'tags': ['чтогдекогда', 'высшая лига']}
2026-09-07 07:07:33,536 [ERROR] Validation failed for content/news/2023/10/31_17-35_196339167_7100/index.md: Tags must contain 3 to 8 items. Response: {'categories': ['Новости', 'Мероприятия'], 'tags': ['youtube shorts', 'видео']}
2026-09-07 07:08:02,106 [ERROR] Validation failed for content/news/2023/11/06_12-52_196339167_7112/index.md: Tag duplicates category. Response: {'categories': ['Патриотическое воспитание', 'Образование и обучение'], 'tags': ['патриотическое воспитание', 'молодежь', 'образование', 'россия']}
2026-09-07 07:08:28,652 [ERROR] Validation failed for content/news/2023/11/12_19-58_196339167_7122/index.md: Tag duplicates category. Response: {'categories': ['Патриотическое воспитание', 'Мероприятия'], 'tags': ['военно-спортивная игра', 'интеллектуально-патриотическая игра', 'Мужество. Долг. Отечество', 'МБОУ «Лингвистическая школа»', 'МБОУ «СОШ 39»', 'Ставропольский край', 'патриотическое воспитание']}
2026-09-07 07:10:07,563 [ERROR] Validation failed for content/news/2023/11/24_15-15_196339167_7171/index.md: Tags must contain 3 to 8 items. Response: {'categories': ['Объявления'], 'tags': ['документ']}
2026-09-07 07:10:15,532 [ERROR] Validation failed for content/news/2023/11/25_13-08_196339167_7174/index.md: Tags must contain 3 to 8 items. Response: {'categories': ['Образование и обучение'], 'tags': ['интеллект']}
2026-09-07 07:10:17,587 [ERROR] Validation failed for content/news/2023/11/25_23-33_196339167_7175/index.md: Tags must contain 3 to 8 items. Response: {'categories': ['Новости'], 'tags': ['лом-али мовлатов']}
2026-09-07 07:12:25,330 [ERROR] Validation failed for content/news/2023/12/08_23-16_196339167_7227/index.md: Tags must contain 3 to 8 items. Response: {'categories': ['Новости'], 'tags': ['хашлама', 'мовлди усманов']}
2026-09-07 07:12:47,752 [ERROR] Validation failed for content/news/2023/12/09_23-17_196339167_7234/index.md: Tag duplicates category. Response: {'categories': ['Патриотическое воспитание', 'Образование и обучение'], 'tags': ['мбоу «сош 23 г. грозный»', 'патриотическое воспитание', 'интеллектуальная россия', 'конституция рф', 'чеченский язык', 'гражданский комитет россии']}
2026-09-07 07:15:40,954 [ERROR] Validation failed for content/news/2023/12/27_12-14_196339167_7297/index.md: Tags must contain 3 to 8 items. Response: {'categories': ['Образование и обучение', 'Интерактивные игры'], 'tags': ['спорт', 'интеллектуальные игры']}
2026-09-07 07:16:33,529 [ERROR] Validation failed for content/news/2024/01/01_12-21_196339167_7323/index.md: Tags must contain 3 to 8 items. Response: {'categories': ['Объявления'], 'tags': []}
2026-09-07 07:16:38,309 [ERROR] Validation failed for content/news/2024/01/02_22-01_196339167_7330/index.md: Tags must contain 3 to 8 items. Response: {'categories': ['Новости'], 'tags': ['новый год', 'тренировка']}
2026-09-07 07:16:45,104 [ERROR] Validation failed for content/news/2024/01/07_21-09_196339167_7336/index.md: Tags must contain 3 to 8 items. Response: {'categories': ['Конкурсы', 'Интерактивные игры'], 'tags': ['хамса', 'интеллектуальный 2024 год']}
2026-09-07 07:19:42,970 [ERROR] Validation failed for content/news/2024/02/15_19-19_196339167_7429/index.md: Tags must contain 3 to 8 items. Response: {'categories': ['Патриотическое воспитание', 'Мероприятия'], 'tags': ['выборам']}
2026-09-07 07:19:53,731 [ERROR] Validation failed for content/news/2024/02/16_20-49_196339167_7432/index.md: Duplicate tags. Response: {'categories': ['Патриотическое воспитание', 'Образование и обучение'], 'tags': ['патриотическое воспитание', 'россия', 'флаг России', 'Великая Китайская стена', 'РОССИЯ', 'ЧЕЧЕНСКАЯРЕСПУБЛИКА', 'ГРОЗНЫЙ']}
2026-09-07 07:19:57,979 [ERROR] Validation failed for content/news/2024/02/17_21-11_196339167_7436/index.md: Tag duplicates category. Response: {'categories': ['Патриотическое воспитание', 'Новости'], 'tags': ['патриотическое воспитание', 'россия', 'флаг России', 'гражданский комитет России', 'интеллектуальная Россия', 'чеченская республика', 'грозный']}
2026-09-07 07:20:50,977 [ERROR] Validation failed for content/news/2024/02/23_07-10_196339167_7451/index.md: Tags must contain 3 to 8 items. Response: {'categories': ['Патриотическое воспитание'], 'tags': ['день защитника отечества', 'россия']}
2026-09-07 07:20:54,056 [ERROR] Validation failed for content/news/2024/02/23_09-32_196339167_7452/index.md: Duplicate tags. Response: {'categories': ['Патриотическое воспитание'], 'tags': ['день защитника отечества', 'день победоносной красной армии', 'военно-морской флот', 'россия', 'россия']}
2026-09-07 07:21:05,456 [ERROR] Validation failed for content/news/2024/02/27_00-31_196339167_7459/index.md: Categories must contain 1 or 2 items. Response: {'categories': [], 'tags': []}
2026-09-07 07:23:11,453 [ERROR] Validation failed for content/news/2024/03/10_23-37_196339167_7505/index.md: Tags must contain 3 to 8 items. Response: {'categories': ['Интерактивные игры'], 'tags': ['интеллектуальные игры']}
2026-09-07 07:24:49,806 [ERROR] Validation failed for content/news/2024/03/19_16-25_196339167_7542/index.md: Duplicate tags. Response: {'categories': ['Патриотическое воспитание', 'Новости'], 'tags': ['выборы президента российской федерации', 'путин в.в.', 'россия', 'президент', 'россия', 'путина', 'европа', 'сша']}
2026-09-07 07:26:37,558 [ERROR] Validation failed for content/news/2024/03/29_23-17_196339167_7579/index.md: Tags must contain 3 to 8 items. Response: {'categories': ['Образование и обучение'], 'tags': ['интеллект']}
2026-09-07 07:26:52,502 [ERROR] Validation failed for content/news/2024/03/31_05-59_196339167_7588/index.md: Tags must contain 3 to 8 items. Response: {'categories': ['Объявления'], 'tags': []}
2026-09-07 07:28:09,844 [ERROR] Validation failed for content/news/2024/04/06_02-55_196339167_7614/index.md: Tags must contain 3 to 8 items. Response: {'categories': ['Новости'], 'tags': ['интеллектуальный клуб', 'Интеллектуальный Кавказ', 'ВАОО «Интеллектуальная Россия»', 'Лом-Али МОВЛАТОВА', 'республиканский интеллектуальный турнир', 'ЧТОГДЕКОГДА', 'Благотворительный фонд «ДАЙМОХК»', 'Грозный', 'СОШ 23']}
2026-09-07 07:28:13,348 [ERROR] Validation failed for content/news/2024/04/06_11-06_196339167_7616/index.md: Tags must contain 3 to 8 items. Response: {'categories': ['Новости', 'Мероприятия'], 'tags': ['интеллектуальный клуб', 'Интеллектуальный Кавказ', 'ВАОО «Интеллектуальная Россия»', 'Лом-Али Мовлатова', 'республиканский интеллектуальный турнир', 'ЧТОГДЕКОГДА', 'Благотворительный фонд «ДАЙМОХК»', 'Грозный', 'СОШ 23']}
2026-09-07 07:30:26,701 [ERROR] Validation failed for content/news/2024/04/28_00-13_196339167_7664/index.md: Tags must contain 3 to 8 items. Response: {'categories': ['Образование и обучение'], 'tags': ['мир интеллекта']}
2026-09-07 07:31:24,970 [ERROR] Validation failed for content/news/2024/05/03_23-57_196339167_7689/index.md: Tags must contain 3 to 8 items. Response: {'categories': ['Интерактивные игры'], 'tags': ['интеллект']}
2026-09-07 07:31:43,557 [ERROR] Validation failed for content/news/2024/05/05_21-35_196339167_7697/index.md: Tags must contain 3 to 8 items. Response: {'categories': ['Новости', 'Мероприятия'], 'tags': ['youtube', 'shorts']}
2026-09-07 07:32:23,739 [ERROR] Validation failed for content/news/2024/05/10_13-41_196339167_7707/index.md: Tags must contain 3 to 8 items. Response: {'categories': ['Новости'], 'tags': ['абдулмадид лулуев']}
2026-09-07 07:33:00,136 [ERROR] Validation failed for content/news/2024/05/12_17-22_196339167_7720/index.md: Tags must contain 3 to 8 items. Response: {'categories': ['Новости', 'Мероприятия'], 'tags': ['youtube', 'shorts']}
2026-09-07 07:33:06,253 [ERROR] Validation failed for content/news/2024/05/14_20-52_196339167_7723/index.md: Tags must contain 3 to 8 items. Response: {'categories': ['Интерактивные игры'], 'tags': ['интеллект']}
2026-09-07 07:33:49,064 [ERROR] Validation failed for content/news/2024/05/20_11-37_196339167_7739/index.md: Tags must contain 3 to 8 items. Response: {'categories': ['Патриотическое воспитание'], 'tags': ['россия', 'россия 🇷🇺']}
2026-09-07 07:34:56,808 [ERROR] Validation failed for content/news/2024/06/09_08-27_196339167_7764/index.md: Tags must contain 3 to 8 items. Response: {'categories': ['Новости'], 'tags': ['россия']}
2026-09-07 07:36:19,352 [ERROR] Validation failed for content/news/2024/06/18_22-49_196339167_7788/index.md: Tags must contain 3 to 8 items. Response: {'categories': ['Патриотическое воспитание'], 'tags': ['ид аль-адха', 'ислам']}
2026-09-07 07:37:16,486 [ERROR] Validation failed for content/news/2024/06/27_01-20_196339167_7814/index.md: Tags must contain 3 to 8 items. Response: {'categories': ['Объявления'], 'tags': ['instagram']}
2026-09-07 07:37:41,956 [ERROR] Validation failed for content/news/2024/07/01_12-00_196339167_7826/index.md: Tags must contain 3 to 8 items. Response: {'categories': ['Новости', 'Мероприятия'], 'tags': ['Национальный совет молодёжных и детских объединений', 'gkrrus']}
2026-09-07 07:38:08,914 [ERROR] Validation failed for content/news/2024/07/06_15-36_196339167_7863/index.md: Tags must contain 3 to 8 items. Response: {'categories': ['Объявления'], 'tags': ['сайд-салах мусаев']}
2026-09-07 07:40:14,345 [ERROR] Validation failed for content/news/2024/07/26_13-19_196339167_7924/index.md: Tags must contain 3 to 8 items. Response: {'categories': ['Новости'], 'tags': ['интурист', 'болгария']}
2026-09-07 07:40:47,211 [ERROR] Validation failed for content/news/2024/08/02_18-46_196339167_7938/index.md: Tags must contain 3 to 8 items. Response: {'categories': ['Новости'], 'tags': ['миннацинформчр', 'малонациональныйсовет']}
2026-09-07 07:41:08,228 [ERROR] Validation failed for content/news/2024/08/04_08-20_196339167_7947/index.md: Tags must contain 3 to 8 items. Response: {'categories': ['Патриотическое воспитание', 'Мероприятия'], 'tags': ['ТРОПАМИ ПРЕДКОВ', 'экспедиция']}
2026-09-07 07:47:41,317 [ERROR] Validation failed for content/news/2024/09/26_20-09_196339167_8098/index.md: Categories must contain 1 or 2 items. Response: {'categories': ['Мероприятия', 'Образование и обучение', 'Патриотическое воспитание'], 'tags': ['интеллектуальная игра', 'Лидер чтения города Грозный', 'МБОУ «СОШ 10» г. Грозного', 'чтение', 'эрудиция', 'командная работа', 'Грозный']}
2026-09-07 07:47:44,304 [ERROR] Validation failed for content/news/2024/09/26_20-45_196339167_8099/index.md: Categories must contain 1 or 2 items. Response: {'categories': ['Мероприятия', 'Образование и обучение', 'Патриотическое воспитание'], 'tags': ['интеллектуальная игра', 'Лидер чтения города Грозный', 'Грозный', 'школьники', 'чтение', 'командная работа', 'МБОУ «СОШ 10»']}
2026-09-07 07:48:09,554 [ERROR] Validation failed for content/news/2024/09/29_08-38_196339167_8114/index.md: Tags must contain 3 to 8 items. Response: {'categories': ['Объявления'], 'tags': ['иса хаджимурадавов', 'день рождения']}
2026-09-07 07:49:02,681 [ERROR] Validation failed for content/news/2024/10/05_11-39_196339167_8137/index.md: Categories must contain 1 or 2 items. Response: {'categories': [], 'tags': []}
2026-09-07 07:50:12,303 [ERROR] Validation failed for content/news/2024/10/09_13-05_196339167_8165/index.md: Tags must contain 3 to 8 items. Response: {'categories': ['Объявления'], 'tags': ['муса', 'поздравление']}
2026-09-07 07:50:18,183 [ERROR] Validation failed for content/news/2024/10/09_18-23_196339167_8168/index.md: Tags must contain 3 to 8 items. Response: {'categories': ['Новости'], 'tags': ['муса', 'день рождения']}
2026-09-07 07:53:27,650 [ERROR] Validation failed for content/news/2024/10/26_00-31_196339167_8241/index.md: Tags must contain 3 to 8 items. Response: {'categories': ['Новости'], 'tags': ['лингвистическая школа', 'грозный']}
2026-09-07 07:55:29,516 [ERROR] Validation failed for content/news/2024/11/06_20-49_196339167_8294/index.md: Tags must contain 3 to 8 items. Response: {'categories': ['Патриотическое воспитание'], 'tags': ['Никто не забыт', 'ничто не забыто']}
2026-09-07 07:56:19,956 [ERROR] Validation failed for content/news/2024/11/11_21-08_196339167_8312/index.md: Categories must contain 1 or 2 items. Response: {'categories': ['Мероприятия', 'Образование и обучение', 'Патриотическое воспитание'], 'tags': ['хаархьама', 'что где когда', 'чеченская республика', 'чеченский язык', 'мбоу сош 2 с автуры', 'шалинский муниципальный район', 'история чеченского народа', 'чеченская литература']}
2026-09-07 07:57:51,141 [ERROR] Validation failed for content/news/2024/11/18_19-51_196339167_8360/index.md: Tag duplicates category. Response: {'categories': ['Патриотическое воспитание', 'Новости'], 'tags': ['музей «оттерека до эльбы»', 'надтеречное', 'мавлид висаитов', 'герой советского союза', 'великая отечественная война', 'патриотическое воспитание']}
2026-09-07 07:58:41,562 [ERROR] Validation failed for content/news/2024/11/25_16-57_196339167_8378/index.md: Duplicate tags. Response: {'categories': ['Конкурсы', 'Образование и обучение'], 'tags': ['грозный', 'брэйн-ринг', 'мбоу сош 36', 'чемпионат', 'интеллектуальная игра', 'грозный']}
2026-09-07 08:01:27,134 [ERROR] Validation failed for content/news/2024/12/08_16-58_196339167_8444/index.md: Duplicate tags. Response: {'categories': ['Конкурсы', 'Мероприятия'], 'tags': ['чемпионат чр по чтогдекогда', 'школьная лига', 'грозный', 'грозный', 'кубок департамента образования мэрии грозного', 'админчр', 'депрел']}
2026-09-07 08:01:29,358 [ERROR] Validation failed for content/news/2024/12/09_00-22_196339167_8445/index.md: Tags must contain 3 to 8 items. Response: {'categories': ['Новости'], 'tags': ['михаил костыль', 'выездные']}
2026-09-07 08:01:55,243 [ERROR] Validation failed for content/news/2024/12/11_23-33_196339167_8455/index.md: Tags must contain 3 to 8 items. Response: {'categories': ['Интерактивные игры'], 'tags': ['что где когда', 'интеллект']}
2026-09-07 08:02:05,379 [ERROR] Validation failed for content/news/2024/12/12_20-50_196339167_8461/index.md: Tags must contain 3 to 8 items. Response: {'categories': ['Новости'], 'tags': ['рсм']}
2026-09-07 08:02:12,340 [ERROR] Validation failed for content/news/2024/12/12_22-48_196339167_8465/index.md: Tags must contain 3 to 8 items. Response: {'categories': ['Патриотическое воспитание'], 'tags': ['праздник', 'россия']}
2026-09-07 08:06:13,453 [ERROR] Validation failed for content/news/2024/12/31_23-07_196339167_8586/index.md: Tags must contain 3 to 8 items. Response: {'categories': ['Новости'], 'tags': ['грозный', 'чгтрк']}
2026-09-07 08:06:31,490 [ERROR] Validation failed for content/news/2025/01/08_16-33_196339167_8598/index.md: Tags must contain 3 to 8 items. Response: {'categories': ['Новости'], 'tags': ['новый 2025 год', 'каникулы позади']}
2026-09-07 08:06:36,278 [ERROR] Validation failed for content/news/2025/01/10_08-32_196339167_8601/index.md: Tags must contain 3 to 8 items. Response: {'categories': ['Новости'], 'tags': ['россия', 'доброе утро']}
2026-09-07 08:08:29,673 [ERROR] Validation failed for content/news/2025/01/24_22-21_196339167_8648/index.md: Tags must contain 3 to 8 items. Response: {'categories': ['Новости'], 'tags': ['народный фронт', 'заседание']}
2026-09-07 08:08:41,699 [ERROR] Validation failed for content/news/2025/01/25_17-37_196339167_8652/index.md: Tags must contain 3 to 8 items. Response: {'categories': ['Патриотическое воспитание'], 'tags': ['студенты', 'праздник']}
2026-09-07 08:09:52,112 [ERROR] Validation failed for content/news/2025/01/29_23-54_196339167_8689/index.md: Tags must contain 3 to 8 items. Response: {'categories': ['Проекты', 'Мероприятия'], 'tags': ['лидер чтения города грозный', 'сош 15 г. грозного']}
2026-09-07 08:10:33,577 [ERROR] Validation failed for content/news/2025/02/04_19-25_196339167_8703/index.md: Duplicate tags. Response: {'categories': ['Волонтёрство', 'Патриотическое воспитание'], 'tags': ['гуманитарная помощь', 'курская область', 'вынужденные переселенцы', 'региональный общественный фонд', 'ахмат-хаджи кадыров', 'курская область']}
2026-09-07 08:11:35,708 [ERROR] Validation failed for content/news/2025/02/12_21-34_196339167_8729/index.md: Tags must contain 3 to 8 items. Response: {'categories': ['Международное сотрудничество'], 'tags': ['подкаст', 'международная исламская миссия']}
2026-09-07 08:13:29,145 [ERROR] Validation failed for content/news/2025/02/21_17-14_196339167_8780/index.md: Tags must contain 3 to 8 items. Response: {'categories': ['Объявления'], 'tags': ['федеральный закон №303-ФЗ', 'роскомнадзор', 'соцсети', 'likee', 'tiktok', 'youtube', 'вконтакте', 'одноклассники', 'telegram', 'twitch', 'дискорд']}
2026-09-07 08:13:51,397 [ERROR] Validation failed for content/news/2025/02/25_14-04_196339167_8792/index.md: Tags must contain 3 to 8 items. Response: {'categories': ['Объявления'], 'tags': []}
2026-09-07 08:13:51,960 [ERROR] Validation failed for content/news/2025/02/25_14-04_196339167_8793/index.md: Categories must contain 1 or 2 items. Response: {'categories': [], 'tags': []}
2026-09-07 08:14:24,496 [ERROR] Validation failed for content/news/2025/02/27_14-03_196339167_8809/index.md: Tags must contain 3 to 8 items. Response: {'categories': ['Новости'], 'tags': ['весна', '1 марта']}
2026-09-07 08:15:41,538 [ERROR] Validation failed for content/news/2025/03/04_17-24_196339167_8844/index.md: Categories must contain 1 or 2 items. Response: {'categories': ['Новости', 'Форумы и съезды', 'Патриотическое воспитание'], 'tags': ['международный день нко', 'национальный совет молодежных и детских объединений', 'общее собрание', 'отчетно-выборная конференция', 'муса дунаев', 'патриотическое воспитание', 'чеченская республика']}
2026-09-07 08:18:09,973 [ERROR] Validation failed for content/news/2025/03/20_13-25_196339167_8911/index.md: Categories must contain 1 or 2 items. Response: {'categories': [], 'tags': []}
2026-09-07 08:19:00,010 [ERROR] Validation failed for content/news/2025/03/24_22-28_196339167_8940/index.md: Tags must contain 3 to 8 items. Response: {'categories': ['Объявления'], 'tags': []}
2026-09-07 08:19:20,575 [ERROR] Validation failed for content/news/2025/03/26_01-41_196339167_8954/index.md: Categories must contain 1 or 2 items. Response: {'categories': [], 'tags': []}
2026-09-07 08:19:32,971 [ERROR] Validation failed for content/news/2025/03/27_17-27_196339167_8960/index.md: Categories must contain 1 or 2 items. Response: {'categories': ['Мероприятия', 'Волонтёрство', 'Международное сотрудничество'], 'tags': ['шалинский государственный колледж', 'международное волонтёрство', 'молодёжный центр чеченской республики', 'муса дунаев', 'исмаил эльмерзаев', 'волонтёрские инициативы', 'чеченская молодёжь']}
2026-09-07 08:20:30,735 [ERROR] Validation failed for content/news/2025/04/06_17-22_196339167_8991/index.md: Categories must contain 1 or 2 items. Response: {'categories': [], 'tags': []}
2026-09-07 08:20:56,503 [ERROR] Validation failed for content/news/2025/04/08_10-48_196339167_9008/index.md: Tags must contain 3 to 8 items. Response: {'categories': ['Новости'], 'tags': ['бф даймохк']}
2026-09-07 08:21:42,203 [ERROR] Validation failed for content/news/2025/04/12_23-37_196339167_9030/index.md: Tags must contain 3 to 8 items. Response: {'categories': ['Новости'], 'tags': ['интеллектуальная россия', 'чеченская республика', 'депрел', 'минобрнаукичр', 'миннацинформчр', 'минмолчр', 'депобразчр', 'чгтрк', 'грозный', 'росбербанк']}
2026-09-07 08:21:44,990 [ERROR] Validation failed for content/news/2025/04/12_23-49_196339167_9031/index.md: Tags must contain 3 to 8 items. Response: {'categories': ['Новости'], 'tags': ['интеллектуальная россия', 'чеченская республика', 'депрел', 'минобрнаукичр', 'миннацинформчр', 'минмолчр', 'депобразчр', 'чгтрк', 'грозный', 'росбербанк']}
2026-09-07 08:21:46,825 [ERROR] Validation failed for content/news/2025/04/13_10-15_196339167_9032/index.md: Tags must contain 3 to 8 items. Response: {'categories': ['Объявления'], 'tags': ['муса', 'помещение']}
2026-09-07 08:23:55,791 [ERROR] Validation failed for content/news/2025/04/22_11-41_196339167_9070/index.md: Tags must contain 3 to 8 items. Response: {'categories': ['Новости'], 'tags': ['ГКР', 'мигранты']}
2026-09-07 08:24:45,693 [ERROR] Validation failed for content/news/2025/04/25_22-25_196339167_9085/index.md: Tags must contain 3 to 8 items. Response: {'categories': ['Мероприятия', 'Патриотическое воспитание'], 'tags': ['25 апреля', 'СОШ №7', 'Аргун', 'День чеченского языка', 'департамент образования г. Аргун', 'Сайдмагомед Усманов', 'Горянка', 'Что? Где? Когда?', 'чеченский язык']}
2026-09-07 08:28:27,036 [ERROR] Validation failed for content/news/2025/05/16_14-51_196339167_9155/index.md: Tag duplicates category. Response: {'categories': ['Патриотическое воспитание', 'Образование и обучение'], 'tags': ['сайпуддин гучигов', 'муса салаудинович', 'патриотическое воспитание', 'духовно нравственное воспитание', 'интеллектуальное развитие', 'интеллектуальная россия', 'чеченская республика']}
2026-09-07 08:29:28,480 [ERROR] Validation failed for content/news/2025/05/22_18-27_196339167_9182/index.md: Categories must contain 1 or 2 items. Response: {'categories': [], 'tags': []}
2026-09-07 08:30:45,228 [ERROR] Validation failed for content/news/2025/05/28_15-58_196339167_9208/index.md: Tags must contain 3 to 8 items. Response: {'categories': ['Новости'], 'tags': []}
2026-09-07 08:31:08,224 [ERROR] Validation failed for content/news/2025/05/30_17-01_196339167_9218/index.md: Tags must contain 3 to 8 items. Response: {'categories': ['Объявления'], 'tags': []}
2026-09-07 08:31:46,145 [ERROR] Validation failed for content/news/2025/06/04_21-24_196339167_9234/index.md: Tags must contain 3 to 8 items. Response: {'categories': ['Новости'], 'tags': ['Национальная библиотека', 'Общественная палата ЧР']}
2026-09-07 08:31:54,752 [ERROR] Validation failed for content/news/2025/06/06_21-45_196339167_9236/index.md: Tags must contain 3 to 8 items. Response: {'categories': ['Объявления'], 'tags': ['мусульманам', 'ид аль-адха']}
2026-09-07 08:32:11,950 [ERROR] Validation failed for content/news/2025/06/09_19-01_196339167_9247/index.md: Categories must contain 1 or 2 items. Response: {'categories': [], 'tags': []}
2026-09-07 08:32:38,716 [ERROR] Validation failed for content/news/2025/06/11_12-31_196339167_9260/index.md: Tags must contain 3 to 8 items. Response: {'categories': ['Образование и обучение', 'Объявления'], 'tags': ['федеральный закон №303-фз', 'роскомнадзор', 'соцсети', 'likee', 'tiktok', 'youtube', 'вконтакте', 'одноклассники', 'telegram', 'livejournal', 'пикабу', 'pinterest', 'rutube', 'дзен', 'twitch', 'discord', 'сим-карты', 'иностранные граждане']}
2026-09-07 08:35:51,293 [ERROR] Validation failed for content/news/2025/07/17_19-29_196339167_9357/index.md: Tags must contain 3 to 8 items. Response: {'categories': ['Объявления'], 'tags': []}
2026-09-07 08:36:25,637 [ERROR] Validation failed for content/news/2025/07/23_23-01_196339167_9372/index.md: Tag duplicates category. Response: {'categories': ['Патриотическое воспитание', 'Мероприятия'], 'tags': ['невская битва', '141-ого специального моторизованного полка', 'александр ярославич', 'патриотическое воспитание', 'российское военно-историческое общество', 'грызном', 'история российского государства']}
2026-09-07 08:38:06,993 [ERROR] Validation failed for content/news/2025/08/19_16-08_196339167_9403/index.md: Duplicate tags. Response: {'categories': ['Интерактивные игры', 'Мероприятия'], 'tags': ['квиз', 'интеллектуальный квиз', '20 августа 2025 года', 'ресторан «Васильчуки»', 'ТРЦ «Грозный-молл»', 'квиз']}
2026-09-07 08:38:50,802 [ERROR] Validation failed for content/news/2025/08/24_22-32_196339167_9420/index.md: Categories must contain 1 or 2 items. Response: {'categories': [], 'tags': []}
2026-09-07 08:40:57,172 [ERROR] Validation failed for content/news/2025/09/08_11-25_196339167_9459/index.md: Tags must contain 3 to 8 items. Response: {'categories': ['Проекты'], 'tags': ['Я и весь мир']}
2026-09-07 08:42:02,909 [ERROR] Validation failed for content/news/2025/09/15_22-01_196339167_9482/index.md: Contains generic tag. Response: {'categories': ['Новости', 'Мероприятия'], 'tags': ['национальный совет молодёжных и детских объединений', 'vk', 'событие']}
2026-09-07 08:42:30,147 [ERROR] Validation failed for content/news/2025/09/19_22-48_196339167_9492/index.md: Tags must contain 3 to 8 items. Response: {'categories': ['Новости'], 'tags': ['михаил костыль', 'друзья']}
2026-09-07 08:43:01,864 [ERROR] Validation failed for content/news/2025/09/24_17-53_196339167_9504/index.md: Tags must contain 3 to 8 items. Response: {'categories': ['Образование и обучение', 'Проекты'], 'tags': ['саидмагомед музаев', 'момвлатов', 'хамзат закриев', 'хава мударова', 'лариса дунаева', 'мелана керимова', 'рахман дунаев', 'иса есиев', 'аднан нагаев', 'иса хаджимурадов', 'исмаил эльмерзаев', 'ислам касумов', 'фонд президентских грантов', 'мгу (грозненский филиал)']}
2026-09-07 08:43:49,114 [ERROR] Validation failed for content/news/2025/09/29_20-47_196339167_9520/index.md: Tags must contain 3 to 8 items. Response: {'categories': ['Объявления'], 'tags': ['иса хаджимурадавов', 'день рождения']}
2026-09-07 08:44:24,837 [ERROR] Validation failed for content/news/2025/10/02_19-18_196339167_9532/index.md: Contains generic tag. Response: {'categories': ['Новости', 'Мероприятия'], 'tags': ['национальный совет молодёжных и детских объединений', 'vk', 'событие']}
2026-09-07 08:44:30,607 [ERROR] Validation failed for content/news/2025/10/02_20-45_196339167_9534/index.md: Contains generic tag. Response: {'categories': ['Новости', 'Мероприятия'], 'tags': ['национальный совет молодёжных и детских объединений', 'vk', 'событие']}
2026-09-07 08:44:44,931 [ERROR] Validation failed for content/news/2025/10/03_13-22_196339167_9537/index.md: Tags must contain 3 to 8 items. Response: {'categories': ['Патриотическое воспитание', 'Мероприятия'], 'tags': ['3 октября 2025 года', 'Военно-историческая викторина', 'города воинской славы', 'Белгород', 'Брянск', 'Великие Луки', 'Волоколамск', 'Грозный', 'Елец', 'Ковров', 'Колпино', 'Курск', 'Малоярославец', 'Наро-Фоминск', 'Великий Новгород', 'Ростов-на-Дону', 'Туапсе', 'Феодосия', 'Хабаровск', 'Российский университет спецназа имени В. В. Путина', 'Всероссийская ассоциация общественных объединений «Интеллектуальная Россия»']}
2026-09-07 08:45:54,158 [ERROR] Validation failed for content/news/2025/10/09_09-15_196339167_9559/index.md: Categories must contain 1 or 2 items. Response: {'categories': [], 'tags': []}
2026-09-07 08:47:35,521 [ERROR] Validation failed for content/news/2025/10/21_11-43_196339167_9595/index.md: Tags must contain 3 to 8 items. Response: {'categories': ['Мероприятия', 'Интерактивные игры'], 'tags': ['грозненский государственный нефтяной технический университет', 'интеллектуальный турнир', 'брэйн-ринг', 'всероссийская ассоциация общественных организаций «интеллектуальная россия»', 'команда «смеш»', 'колледж ггнту', 'прорыв', 'лицей ггнту', 'луганчане', 'луганский характер']}
2026-09-07 08:48:16,831 [ERROR] Validation failed for content/news/2025/10/26_23-44_196339167_9606/index.md: Tag duplicates category. Response: {'categories': ['Проекты'], 'tags': ['проекты', 'органы власти', 'спонсоры', 'команда профессионалов']}
2026-09-07 08:50:36,075 [ERROR] Validation failed for content/news/2025/11/10_10-51_196339167_9649/index.md: Tags must contain 3 to 8 items. Response: {'categories': ['Патриотическое воспитание'], 'tags': ['зал памяти и скорби']}
2026-09-07 08:50:44,774 [ERROR] Validation failed for content/news/2025/11/10_17-12_196339167_9652/index.md: Categories must contain 1 or 2 items. Response: {'categories': [], 'tags': []}
2026-09-07 08:56:25,931 [ERROR] Validation failed for content/news/2025/12/15_09-35_196339167_9748/index.md: Tags must contain 3 to 8 items. Response: {'categories': ['Новости'], 'tags': ['россия']}
2026-09-07 08:58:43,749 [ERROR] Validation failed for content/news/2025/12/28_13-31_196339167_9779/index.md: Tags must contain 3 to 8 items. Response: {'categories': ['Объявления'], 'tags': []}
2026-09-07 08:59:34,411 [ERROR] Validation failed for content/news/2026/01/03_15-40_196339167_9790/index.md: Tags must contain 3 to 8 items. Response: {'categories': ['Объявления'], 'tags': ['абдулмадид лулуев', 'спорт']}
2026-09-07 08:59:54,490 [ERROR] Validation failed for content/news/2026/01/04_22-24_196339167_9796/index.md: Tags must contain 3 to 8 items. Response: {'categories': ['Новости', 'Мероприятия'], 'tags': ['национальный совет', '25-летие', '415 мероприятий', 'я и этот мир', 'культурный кавказ', 'лидер чтения города грозного', 'озарение', 'игры разума', 'что где когда', 'брэйн-ринг', 'своя игра', 'хамса', 'хаархьама']}
2026-09-07 09:01:53,342 [ERROR] Validation failed for content/news/2026/01/23_21-21_196339167_9826/index.md: Contains generic tag. Response: {'categories': ['Новости', 'Мероприятия'], 'tags': ['национальный совет молодёжных и детских объединений', 'vk', 'события']}
2026-09-07 09:08:26,495 [ERROR] Validation failed for content/news/2026/03/11_12-59_196339167_9918/index.md: Tag duplicates category. Response: {'categories': ['Патриотическое воспитание', 'Мероприятия'], 'tags': ['Национальная библиотека ЧР им. А.А. Айдамирова', 'Российское военно-историческое общество', 'ЧР', 'патриотическое воспитание', 'историческая правда', 'молодёжное поколение']}
2026-09-07 09:11:12,897 [ERROR] Validation failed for content/news/2026/03/27_12-35_196339167_9959/index.md: Tags must contain 3 to 8 items. Response: {'categories': ['Новости'], 'tags': ['краснодар', '30']}
2026-09-07 09:11:49,807 [ERROR] Validation failed for content/news/2026/03/30_02-22_196339167_9966/index.md: Tag duplicates category. Response: {'categories': ['Патриотическое воспитание', 'Мероприятия'], 'tags': ['грозный', 'великая отечественная война', 'последний рубеж', 'дот', 'патриотическое воспитание', 'военно-патриотический поисковый отряд', 'музей под открытым небом']}
2026-09-07 09:12:25,587 [ERROR] Validation failed for content/news/2026/04/03_19-15_196339167_9975/index.md: Tags must contain 3 to 8 items. Response: {'categories': ['Образование и обучение'], 'tags': ['чеченский суп']}
2026-09-07 09:16:06,292 [ERROR] Validation failed for content/news/2026/04/24_07-52_196339167_10031/index.md: Tags must contain 3 to 8 items. Response: {'categories': ['Проекты', 'Новости'], 'tags': ['МИМ', 'Черкесск', 'Карачаево-Черкесская республика', 'Круассаны', 'Дикая дивизия', 'Байчоровы', 'Шутов Тимур', 'Атабиев Юсуп', 'Текеев Расул']}
2026-09-07 09:18:14,586 [ERROR] Validation failed for content/news/2026/05/07_21-14_196339167_10062/index.md: Categories must contain 1 or 2 items. Response: {'categories': [], 'tags': []}
2026-09-07 09:18:57,650 [ERROR] Validation failed for content/news/2026/05/09_19-06_196339167_10078/index.md: Tag duplicates category. Response: {'categories': ['Патриотическое воспитание', 'Мероприятия'], 'tags': ['день победы', 'хроники мужества', 'грозный', 'чеченский государственный педагогический университет', 'патриотическое воспитание', 'гражданская идентичность', 'северо-кавказский федеральный округ', 'великая отечественная война']}
2026-09-07 09:22:54,469 [ERROR] Validation failed for content/news/2026/06/10_16-06_196339167_10153/index.md: Tags must contain 3 to 8 items. Response: {'categories': ['Объявления'], 'tags': []}
2026-09-07 09:23:25,713 [ERROR] Validation failed for content/news/2026/06/16_00-36_196339167_10167/index.md: Contains generic tag. Response: {'categories': ['Международное сотрудничество'], 'tags': ['мухаррам', 'хиджра', 'пророк мухаммад', 'мусульмане', 'информация', 'динамухаммад мухтаров']}
2026-09-07 09:24:04,474 [ERROR] Validation failed for content/news/2026/06/27_20-24_196339167_10180/index.md: Tags must contain 3 to 8 items. Response: {'categories': ['Объявления'], 'tags': ['яна сафонова']}
2026-09-07 09:24:06,025 [ERROR] Validation failed for content/news/2026/06/27_22-31_196339167_10183/index.md: Tags must contain 3 to 8 items. Response: {'categories': ['Объявления'], 'tags': ['яна сафонова', '89014917671']}
2026-09-07 09:26:50,085 [ERROR] Validation failed for content/news/2026/07/30_22-53_196339167_10231/index.md: Tag duplicates category. Response: {'categories': ['Новости', 'Патриотическое воспитание'], 'tags': ['международная исламская миссия', '64-я годовщина', 'традиционные ценности', 'патриотическое воспитание', 'я и этот мир', 'скфо', 'муса дунаев']}
2026-09-07 09:27:13,625 [ERROR] Validation failed for content/news/2026/08/11_23-22_196339167_10241/index.md: Tags must contain 3 to 8 items. Response: {'categories': ['Мероприятия', 'Образование и обучение'], 'tags': ['турнир памяти Ахмата-Хаджи Кадырова', 'интеллектуальная игра', 'филиал МГУ в г. Грозном', 'студенты', 'МГУ', 'МГИМО', 'ЧГПУ', 'ГГНТУ', 'Ахмед Адаев']}
2026-09-07 09:27:53,901 [ERROR] Validation failed for content/news/2026/08/22_23-31_196339167_10252/index.md: Categories must contain 1 or 2 items. Response: {'categories': [], 'tags': []}
2026-09-07 09:29:00,234 [ERROR] Validation failed for content/news/2026/08/28_13-43_196339167_10270/index.md: Tags must contain 3 to 8 items. Response: {'categories': ['Образование и обучение', 'Патриотическое воспитание'], 'tags': ['интеллектуально-патриотические игры', 'система образования России', 'Грозный', 'Чеченская Республика', 'ЧГК', 'БР', 'СИ', 'Хаархьама', 'образовательные организации']}
